episode,score,steps,total_steps,exploration,mean_loss,elapsed_seconds,terminated,truncated
1,130.0,385,385,1.0,nan,0.17166199999701348,True,False
2,410.0,702,1087,0.1,0.024585707891012797,0.781552541997371,True,False
3,1000.0,744,1831,0.1,0.026604584878265496,3.4962068749991886,True,False
4,280.0,362,2193,0.1,0.036141376955189056,4.839890916999138,True,False
5,700.0,597,2790,0.1,0.0329316840358641,7.03407999999763,True,False
6,1200.0,656,3446,0.1,0.03296406286138269,9.45585270799711,True,False
7,410.0,438,3884,0.1,0.0321098917814776,11.3420908329972,True,False
8,210.0,395,4279,0.1,0.03495861827490889,12.774219457998697,True,False
9,480.0,537,4816,0.1,0.03514316713920346,15.052697625000292,True,False
10,950.0,746,5562,0.1,0.034808941474635036,17.760958791997837,True,False
11,740.0,699,6261,0.1,0.038267477295095366,20.323325332999957,True,False
12,470.0,525,6786,0.1,0.03531354722453153,22.283879791997606,True,False
13,510.0,538,7324,0.1,0.03756983893906215,24.27638250000018,True,False
14,330.0,530,7854,0.1,0.03703824435290175,26.23117566699875,True,False
15,910.0,780,8634,0.1,0.032989281811751425,31.700146207997022,True,False
16,370.0,525,9159,0.1,0.036267344345772314,35.81015570799718,True,False
17,650.0,666,9825,0.1,0.03615878599913356,40.99784562499917,True,False
18,350.0,596,10421,0.1,0.03413660432237057,43.19940312499966,True,False
19,300.0,427,10848,0.1,0.03767085470537716,45.76368983299835,True,False
20,360.0,455,11303,0.1,0.03658842278100484,49.158835750000435,True,False
21,800.0,621,11924,0.1,0.03598462343096542,51.68328024999937,True,False
22,380.0,449,12373,0.1,0.03486073792321674,55.824005374997796,True,False
23,570.0,571,12944,0.1,0.03563308867811506,60.852125916997466,True,False
24,690.0,712,13656,0.1,0.035867044021992874,64.85741162499835,True,False
25,620.0,618,14274,0.1,0.03738184308923491,69.53124408299846,True,False
26,380.0,495,14769,0.1,0.03922185486167549,73.67943687499792,True,False
27,530.0,490,15259,0.1,0.04309597311800987,75.48989354199875,True,False
28,330.0,454,15713,0.1,0.04073320181321418,77.17997095799728,True,False
29,660.0,562,16275,0.1,0.04839665984202709,79.47639100000015,True,False
30,540.0,447,16722,0.1,0.04028727249741288,81.39267774999826,True,False
31,480.0,362,17084,0.1,0.04173384424667437,83.16304254199713,True,False
32,870.0,733,17817,0.1,0.04416094665909237,87.05790449999768,True,False
33,1190.0,734,18551,0.1,0.047929225799938045,89.78844279199984,True,False
34,680.0,557,19108,0.1,0.045489341941928225,91.84972204199948,True,False
35,410.0,404,19512,0.1,0.04877835951542648,93.38454829200055,True,False
36,420.0,485,19997,0.1,0.04417016600404889,95.28226799999902,True,False
37,490.0,604,20601,0.1,0.05135879713721228,97.48560304199782,True,False
38,750.0,564,21165,0.1,0.05336004773035963,99.5393124580005,True,False
39,720.0,630,21795,0.1,0.05002477311582607,101.82109879199925,True,False
40,520.0,609,22404,0.1,0.0601871194488375,104.04929383299896,True,False
41,120.0,322,22726,0.1,0.05918307100073435,105.24357287499879,True,False
42,540.0,410,23136,0.1,0.0511868875654577,106.77059670800008,True,False
43,1170.0,688,23824,0.1,0.05739128634030389,109.3351567919999,True,False
44,750.0,650,24474,0.1,0.061710132722869335,111.72264891699888,True,False
45,520.0,697,25171,0.1,0.06033285268871435,114.29051524999886,True,False
46,410.0,490,25661,0.1,0.06490964217232616,116.11894312499862,True,False
47,460.0,491,26152,0.1,0.05416752944692848,117.93807383300009,True,False
48,810.0,673,26825,0.1,0.06414020561524444,120.40966229200058,True,False
49,370.0,554,27379,0.1,0.06536382139134018,122.45496908299901,True,False
50,1040.0,953,28332,0.1,0.058295670655170245,125.99185970799954,True,False
51,680.0,647,28979,0.1,0.05814312875374966,129.05768941699716,True,False
52,420.0,426,29405,0.1,0.0671514696746229,130.66386370799955,True,False
53,760.0,652,30057,0.1,0.060463590673142414,133.0823636669993,True,False
54,440.0,543,30600,0.1,0.062084534410935116,135.06888762499875,True,False
55,590.0,572,31172,0.1,0.06721206943315643,137.18923862500014,True,False
56,1240.0,714,31886,0.1,0.07169669785463575,139.8232046669982,True,False
57,250.0,335,32221,0.1,0.07206900133973076,141.08446125000046,True,False
58,1050.0,727,32948,0.1,0.06795256333630327,143.94925904199772,True,False
59,470.0,460,33408,0.1,0.07691169754480538,145.70469537499957,True,False
60,520.0,559,33967,0.1,0.06658672643222398,147.84234491700045,True,False
61,490.0,585,34552,0.1,0.07215826963486315,150.05589116699775,True,False
62,320.0,332,34884,0.1,0.08234941824732056,151.33536204199845,True,False
63,370.0,480,35364,0.1,0.07046893963900705,153.16773549999925,True,False
64,440.0,545,35909,0.1,0.06595936069018482,155.24294649999865,True,False
65,2210.0,1025,36934,0.1,0.07969300819604541,159.1309102919986,True,False
66,1340.0,856,37790,0.1,0.07734324457559073,162.46452941700045,True,False
67,1210.0,644,38434,0.1,0.0774103263624429,164.8397340829979,True,False
68,920.0,598,39032,0.1,0.07763951999445756,167.06366691699805,True,False
69,480.0,441,39473,0.1,0.0778113197365945,168.72324449999724,True,False
70,780.0,561,40034,0.1,0.08702180549236281,170.9014382919995,True,False
71,320.0,411,40445,0.1,0.08330521859156276,172.49721645799946,True,False
72,1110.0,775,41220,0.1,0.08413130040616565,175.499308749997,True,False
73,330.0,402,41622,0.1,0.08550113823264838,177.05770429199765,True,False
74,1720.0,809,42431,0.1,0.09698392403321249,180.16984687500008,True,False
75,460.0,578,43009,0.1,0.08073373779911419,182.3948597919989,True,False
76,470.0,479,43488,0.1,0.07902025344471136,185.07239854199725,True,False
77,630.0,637,44125,0.1,0.09226100429095938,187.5148354169978,True,False
78,350.0,413,44538,0.1,0.09899550188983818,189.09983524999916,True,False
79,1220.0,499,45037,0.1,0.08725269778072833,191.01852279199738,True,False
80,770.0,628,45665,0.1,0.10776983339719143,193.4548321250004,True,False
81,370.0,378,46043,0.1,0.09959679255460172,194.91128054199726,True,False
82,340.0,435,46478,0.1,0.09076891600265416,196.5945722079996,True,False
83,320.0,372,46850,0.1,0.0840406523596856,198.0369005829998,True,False
84,600.0,657,47507,0.1,0.08430689701628757,200.60423929199897,True,False
85,390.0,488,47995,0.1,0.0782696795268137,202.53442695799822,True,False
86,1260.0,941,48936,0.1,0.09864838795846928,206.24068433299908,True,False
87,400.0,442,49378,0.1,0.08131640263071115,208.05047108299914,True,False
88,380.0,401,49779,0.1,0.09775803394615651,209.63803174999703,True,False
89,230.0,403,50182,0.1,0.08954534004672919,211.48694037499808,True,False
90,590.0,515,50697,0.1,0.0890038605461749,215.77192362499773,True,False
91,440.0,426,51123,0.1,0.08013344586844433,218.2580917919986,True,False
92,320.0,383,51506,0.1,0.1020835170832773,219.81658958299886,True,False
93,410.0,550,52056,0.1,0.09804790033756391,222.033416708,True,False
94,700.0,767,52823,0.1,0.09175235753225562,225.11802974999955,True,False
95,230.0,360,53183,0.1,0.0977778413436479,226.61609558299824,True,False
96,1290.0,757,53940,0.1,0.1006009598262608,229.66491841699826,True,False
97,870.0,661,54601,0.1,0.09824552841936098,232.30571166699883,True,False
98,560.0,720,55321,0.1,0.09574988554749224,235.1800494579984,True,False
99,880.0,681,56002,0.1,0.0937392804223825,237.8891166249996,True,False
100,560.0,523,56525,0.1,0.09569925334276135,240.0216982919992,True,False
101,830.0,579,57104,0.1,0.09664307531483214,243.67090070799895,True,False
102,410.0,483,57587,0.1,0.09316853655812642,245.6093594999984,True,False
103,1940.0,896,58483,0.1,0.10416451162226233,249.1677684999995,True,False
104,550.0,550,59033,0.1,0.10216582666380682,251.38424512499842,True,False
105,470.0,486,59519,0.1,0.1066373420094163,253.31887391700002,True,False
106,410.0,711,60230,0.1,0.12003977795581469,256.1591973750001,True,False
107,320.0,381,60611,0.1,0.09427693515623871,257.68246933299815,True,False
108,1090.0,748,61359,0.1,0.10226160054279362,260.64507500000036,True,False
109,320.0,343,61702,0.1,0.09232884911863609,262.0839797499975,True,False
110,500.0,450,62152,0.1,0.10336566302694578,263.89318266699775,True,False
111,540.0,491,62643,0.1,0.11478266141331586,265.8573465829977,True,False
112,1230.0,744,63387,0.1,0.10491388806852922,268.83862433299873,True,False
113,580.0,543,63930,0.1,0.11382809952449273,270.9985870829987,True,False
114,500.0,555,64485,0.1,0.11396624303335766,273.2113642080003,True,False
115,1080.0,1112,65597,0.1,0.10398628072236939,277.6222077079983,True,False
116,370.0,397,65994,0.1,0.11432282318069477,279.20397333299843,True,False
117,1670.0,789,66783,0.1,0.11497563236218115,282.32768841699726,True,False
118,400.0,413,67196,0.1,0.11272095292448424,283.9951620419997,True,False
119,800.0,885,68081,0.1,0.11374798176886,287.47423066699776,True,False
120,700.0,574,68655,0.1,0.11547129134927596,289.7754974999989,True,False
121,610.0,538,69193,0.1,0.13227119574116336,291.9193848750001,True,False
122,1120.0,791,69984,0.1,0.10219866446115905,295.06615379199866,True,False
123,820.0,648,70632,0.1,0.10292014295672193,297.6430342499989,True,False
124,740.0,554,71186,0.1,0.10159628314600475,299.8435782919987,True,False
125,230.0,519,71705,0.1,0.12011044038316378,301.9309355419973,True,False
126,590.0,505,72210,0.1,0.09814298766413851,304.7937842499996,True,False
127,410.0,553,72763,0.1,0.10217455759698497,306.97881154199786,True,False
128,270.0,451,73214,0.1,0.11368969600416917,308.7900152919974,True,False
129,2330.0,834,74048,0.1,0.1044717139283721,312.1261386669976,True,False
130,600.0,511,74559,0.1,0.11653772562624902,314.9726652499994,True,False
131,550.0,430,74989,0.1,0.09393104621105725,318.20110529199883,True,False
132,900.0,546,75535,0.1,0.1039757061722305,322.02391895799883,True,False
133,470.0,672,76207,0.1,0.1181171338761314,324.8885062079971,True,False
134,420.0,485,76692,0.1,0.11484329802457427,328.4668654169982,True,False
135,260.0,369,77061,0.1,0.1469198369178111,331.471574332998,True,False
136,780.0,574,77635,0.1,0.12577829495645487,335.63265154200053,True,False
137,680.0,648,78283,0.1,0.11417223282020401,339.82901508299983,True,False
138,570.0,508,78791,0.1,0.13094683812828514,343.49219708300006,True,False
139,940.0,680,79471,0.1,0.11773836353026769,346.8608025829999,True,False
140,350.0,414,79885,0.1,0.14616259169549897,348.7811916669998,True,False
141,450.0,535,80420,0.1,0.13291527950830423,351.24582929199823,True,False
142,430.0,392,80812,0.1,0.14152970119398467,353.4683285829997,True,False
143,1060.0,670,81482,0.1,0.11478082766522191,357.82078724999883,True,False
144,1250.0,881,82363,0.1,0.12600765593180602,362.8870920419977,True,False
145,730.0,724,83087,0.1,0.10649685957854953,366.0983120419987,True,False
146,440.0,553,83640,0.1,0.10794235002785492,368.3515553750003,True,False
147,780.0,569,84209,0.1,0.11833002091660885,371.0454569169997,True,False
148,570.0,591,84800,0.1,0.11849144985899329,375.60063483299746,True,False
149,770.0,571,85371,0.1,0.12810881944819236,379.9841656669996,True,False
150,270.0,383,85754,0.1,0.10278046893654391,383.29814287499903,True,False
151,250.0,410,86164,0.1,0.13052574848955117,386.5607519579971,True,False
152,1300.0,969,87133,0.1,0.13535682139687302,391.44499820800047,True,False
153,440.0,561,87694,0.1,0.11577768218038338,393.796981083,True,False
154,560.0,558,88252,0.1,0.13410676256088275,396.6173073329992,True,False
155,470.0,420,88672,0.1,0.13265293531474612,398.3551462920004,True,False
156,170.0,290,88962,0.1,0.12040885698257221,400.46018874999936,True,False
157,610.0,565,89527,0.1,0.1550860067578495,405.36657895799726,True,False
158,910.0,614,90141,0.1,0.12917325925081968,410.88545820799845,True,False
159,960.0,879,91020,0.1,0.13875868672674352,418.4457615829997,True,False
160,340.0,391,91411,0.1,0.1612706300370472,420.86913408299733,True,False
161,410.0,521,91932,0.1,0.1310147150839103,423.0092365419987,True,False
162,380.0,407,92339,0.1,0.145632037505655,424.6387472079987,True,False
163,920.0,685,93024,0.1,0.11865053997310095,427.4012028750003,True,False
164,330.0,413,93437,0.1,0.14372651235571185,429.9894197499998,True,False
165,130.0,280,93717,0.1,0.1506516599761588,431.4241122079984,True,False
166,460.0,470,94187,0.1,0.15426086900262242,435.08118599999943,True,False
167,720.0,542,94729,0.1,0.13605185042080634,437.2675054579995,True,False
168,900.0,943,95672,0.1,0.15826328925125427,441.8329168749988,True,False
169,990.0,699,96371,0.1,0.13647862311838002,444.8192553329973,True,False
170,410.0,461,96832,0.1,0.13343495535182542,448.04362887499883,True,False
171,300.0,325,97157,0.1,0.13177635493101897,449.36590633299784,True,False
172,610.0,485,97642,0.1,0.14096226033654588,451.3127157919989,True,False
173,1060.0,787,98429,0.1,0.12999543683783052,454.4832814170004,True,False
174,590.0,467,98896,0.1,0.154327220036688,456.38810037499934,True,False
175,810.0,867,99763,0.1,0.14732320776588662,461.0385424999986,True,False
176,350.0,430,100193,0.1,0.15567781377790701,463.5134177079999,True,False
177,1270.0,965,101158,0.1,0.14258119422957857,469.3633948329989,True,False
178,700.0,576,101734,0.1,0.12366798514914182,471.7880621250006,True,False
179,760.0,583,102317,0.1,0.13838166413088776,475.5598577499986,True,False
180,690.0,616,102933,0.1,0.13323652424982615,478.21726345799834,True,False
181,580.0,504,103437,0.1,0.13126407099503373,480.5673801249977,True,False
182,420.0,454,103891,0.1,0.1526734056528163,482.4983921669991,True,False
183,430.0,455,104346,0.1,0.12544838012310497,484.381690541999,True,False
184,690.0,498,104844,0.1,0.11690935306251049,486.4504559579982,True,False
185,660.0,600,105444,0.1,0.13148221265524626,489.9499180829989,True,False
186,420.0,428,105872,0.1,0.1418580845973202,492.42545337499905,True,False
187,590.0,685,106557,0.1,0.14390146023218045,495.2684836669978,True,False
188,670.0,560,107117,0.1,0.13479443950844663,498.4870900829992,True,False
189,630.0,597,107714,0.1,0.1184796449547046,501.8358607079972,True,False
190,1570.0,699,108413,0.1,0.13175550150019782,507.27168654199704,True,False
191,700.0,680,109093,0.1,0.13013068967882324,511.6225665419988,True,False
192,630.0,527,109620,0.1,0.12068462455080765,514.6283777079989,True,False
193,840.0,530,110150,0.1,0.151506898473158,517.314220082997,True,False
194,1130.0,602,110752,0.1,0.1550850234679039,521.7487402080005,True,False
195,980.0,803,111555,0.1,0.13529967882670463,526.1786622919972,True,False
196,890.0,893,112448,0.1,0.12886257656750136,530.9626019579991,True,False
197,1200.0,1004,113452,0.1,0.13582936064358728,536.7826589169999,True,False
198,570.0,704,114156,0.1,0.1390475470318713,540.6711035419976,True,False
199,830.0,671,114827,0.1,0.13263522946236733,544.6869878750003,True,False
200,470.0,518,115345,0.1,0.14349629142536566,548.2732946249998,True,False
201,530.0,589,115934,0.1,0.13449188770384204,552.7351860829986,True,False
202,680.0,566,116500,0.1,0.14274918542466533,555.0728263329984,True,False
203,660.0,654,117154,0.1,0.13871127449296003,558.7123615829987,True,False
204,410.0,465,117619,0.1,0.13446628372987796,560.6291386669982,True,False
205,780.0,802,118421,0.1,0.1334344220361603,565.2038581669985,True,False
206,2050.0,1128,119549,0.1,0.1544650720022883,571.7483554169994,True,False
207,330.0,438,119987,0.1,0.1372171040761088,574.1567447499983,True,False
208,310.0,339,120326,0.1,0.14430658482015132,575.6104542079993,True,False
209,510.0,387,120713,0.1,0.12789385727385885,578.2804534579991,True,False
210,1100.0,827,121540,0.1,0.12644932068128517,582.9073983749986,True,False
211,1390.0,924,122464,0.1,0.1446953993371297,588.6993385419992,True,False
212,350.0,507,122971,0.1,0.16544403790658901,591.1726583749987,True,False
213,2240.0,890,123861,0.1,0.1462236902104365,596.615449916997,True,False
214,600.0,536,124397,0.1,0.1412097041481244,600.048035374999,True,False
215,380.0,423,124820,0.1,0.14172785848660288,601.8674220419998,True,False
216,520.0,564,125384,0.1,0.13535298848300115,606.2305262919981,True,False
217,1440.0,663,126047,0.1,0.15298150193059082,609.6632102919975,True,False
218,1150.0,912,126959,0.1,0.13728101308898707,614.9302765829998,True,False
219,450.0,426,127385,0.1,0.12340187030696423,617.7202393749976,True,False
220,420.0,385,127770,0.1,0.1689884033597385,619.2989171669979,True,False
221,470.0,486,128256,0.1,0.16758983266219252,621.5636440829985,True,False
222,290.0,305,128561,0.1,0.1677490357113512,623.4341614169971,True,False
223,1310.0,800,129361,0.1,0.14384475599974395,627.2540420419973,True,False
224,490.0,420,129781,0.1,0.14561606148878734,630.0227331249989,True,False
225,450.0,488,130269,0.1,0.1465111563257018,632.6305422919977,True,False
226,1460.0,887,131156,0.1,0.1491460542672792,638.1605869999985,True,False
227,830.0,612,131768,0.1,0.15822278854309343,641.7733865829978,True,False
228,970.0,835,132603,0.1,0.14712494984269142,645.1974218329997,True,False
229,490.0,478,133081,0.1,0.13861055510739487,648.3583622499973,True,False
230,640.0,546,133627,0.1,0.14962484013727484,651.5131975000004,True,False
231,770.0,683,134310,0.1,0.13558550991597232,655.4176709579988,True,False
232,480.0,437,134747,0.1,0.14880182899944827,657.507945041998,True,False
233,780.0,627,135374,0.1,0.1470365749233088,660.9386462919974,True,False
234,1180.0,788,136162,0.1,0.1532465791055545,664.126028249997,True,False
235,650.0,485,136647,0.1,0.15076928314837543,666.1270733749989,True,False
236,370.0,423,137070,0.1,0.13561312513390802,667.876749916999,True,False
237,320.0,347,137417,0.1,0.15437667529987192,669.2894044579989,True,False
238,970.0,833,138250,0.1,0.15076853492512152,673.7056271250003,True,False
239,670.0,491,138741,0.1,0.1620069316065893,675.9659963329977,True,False
240,530.0,467,139208,0.1,0.1315173831824054,679.1033957079999,True,False
241,1020.0,804,140012,0.1,0.15511521154004543,683.6946467919988,True,False
242,670.0,606,140618,0.1,0.14120400546501014,686.2096624999976,True,False
243,760.0,690,141308,0.1,0.12853348881781446,690.0169394579971,True,False
244,410.0,442,141750,0.1,0.13529054966162551,692.8217780829982,True,False
245,450.0,473,142223,0.1,0.13602353477755846,695.6895901669996,True,False
246,520.0,485,142708,0.1,0.14341771801109196,699.0256801249998,True,False
247,470.0,483,143191,0.1,0.13874951663116614,702.2505677079971,True,False
248,620.0,518,143709,0.1,0.14646798031261335,705.5476994169985,True,False
249,1290.0,918,144627,0.1,0.15203597442161568,712.8275555420005,True,False
250,310.0,333,144960,0.1,0.13871327840856143,714.9419288749996,True,False
251,300.0,366,145326,0.1,0.13567920362801997,718.5885909169992,True,False
252,300.0,372,145698,0.1,0.13474943152358454,721.9737892079975,True,False
253,770.0,659,146357,0.1,0.14597392626332514,727.2679840829987,True,False
254,570.0,464,146821,0.1,0.15034672139405175,730.9799955419985,True,False
255,940.0,728,147549,0.1,0.1465923346906573,735.9430557499982,True,False
256,820.0,537,148086,0.1,0.16128765371864412,739.2812384169993,True,False
257,350.0,385,148471,0.1,0.16097838806066042,741.5428815829982,True,False
258,1080.0,685,149156,0.1,0.14399747166046223,745.9941329579997,True,False
259,520.0,528,149684,0.1,0.1550080966712399,750.7629445419989,True,False
260,1160.0,1013,150697,0.1,0.16583570246787174,758.1426573329991,True,False
261,520.0,490,151187,0.1,0.1598609435509463,762.0206843749984,True,False
262,770.0,601,151788,0.1,0.14516661382767537,766.7268468749971,True,False
263,510.0,476,152264,0.1,0.1646463975873815,770.785826583,True,False
264,600.0,528,152792,0.1,0.16400806967056158,774.2487780419979,True,False
265,1370.0,799,153591,0.1,0.14264015663396473,779.500952082999,True,False
266,560.0,582,154173,0.1,0.1522574462762026,783.0857776669982,True,False
267,320.0,398,154571,0.1,0.14154747023124886,785.9259604580002,True,False
268,300.0,328,154899,0.1,0.15298463631330467,788.5694507499975,True,False
269,1230.0,831,155730,0.1,0.15300513406355792,794.5137587079989,True,False
270,660.0,584,156314,0.1,0.17894930611938648,798.5779189579989,True,False
271,380.0,357,156671,0.1,0.14269902611548982,801.8483708329986,True,False
272,1040.0,860,157531,0.1,0.17589713371423787,807.9869416250003,True,False
273,1550.0,821,158352,0.1,0.16917269553953004,812.7021600419976,True,False
274,1050.0,778,159130,0.1,0.14899039422113872,816.0176638329976,True,False
275,800.0,823,159953,0.1,0.14949891244251173,819.7481640829974,True,False
276,500.0,638,160591,0.1,0.15472472947582883,823.2671179169993,True,False
277,290.0,346,160937,0.1,0.1621429342990634,824.7937754999984,True,False
278,450.0,362,161299,0.1,0.14463765238308243,826.3685540419974,True,False
279,1190.0,729,162028,0.1,0.15254700411864316,829.5889808329994,True,False
280,2080.0,729,162757,0.1,0.1615321098898466,833.2809415829979,True,False
281,670.0,524,163281,0.1,0.14181148363206222,835.5543999999973,True,False
282,470.0,479,163760,0.1,0.15365687656837204,838.9142704579972,True,False
283,470.0,428,164188,0.1,0.14656837716280857,840.8594801670006,True,False
284,440.0,497,164685,0.1,0.1714063103821489,843.6322283329973,True,False
285,610.0,571,165256,0.1,0.16152181947877356,848.085338375,True,False
286,940.0,522,165778,0.1,0.17103790735396054,850.9072492079977,True,False
287,650.0,682,166460,0.1,0.14254415893589545,854.2097054169972,True,False
288,2130.0,630,167090,0.1,0.1833996147059711,857.7418398749978,True,False
289,390.0,432,167522,0.1,0.14729277610226912,860.1157757919973,True,False
290,370.0,507,168029,0.1,0.1578007676294,862.6602977919974,True,False
291,830.0,517,168546,0.1,0.17183514340787895,865.6437573330004,True,False
292,1050.0,749,169295,0.1,0.16424767190919204,870.2129945829984,True,False
293,360.0,441,169736,0.1,0.17479981936782868,872.5640448329978,True,False
294,680.0,565,170301,0.1,0.1473246592341374,875.9319059169975,True,False
295,850.0,536,170837,0.1,0.15191615603641787,878.8342660829985,True,False
296,470.0,572,171409,0.1,0.16064558813830357,882.0245276249989,True,False
297,630.0,585,171994,0.1,0.1816016876279083,884.8032880829996,True,False
298,490.0,486,172480,0.1,0.16041118231769957,887.5075316250004,True,False
299,700.0,477,172957,0.1,0.1533250690226545,890.0225574579999,True,False
300,500.0,455,173412,0.1,0.1655808227921003,892.0877792499996,True,False
301,640.0,493,173905,0.1,0.18221623762472858,895.5713665829971,True,False
302,460.0,480,174385,0.1,0.1750515286810696,898.3914594579983,True,False
303,760.0,658,175043,0.1,0.1815028367791234,901.3889204169973,True,False
304,380.0,394,175437,0.1,0.17262770130176736,903.5058222499974,True,False
305,480.0,498,175935,0.1,0.19027162564077205,906.1228189579997,True,False
306,510.0,539,176474,0.1,0.15726661155069316,908.7381960419989,True,False
307,660.0,528,177002,0.1,0.16741245697167786,911.5568536249993,True,False
308,470.0,570,177572,0.1,0.18048427897420796,914.4951633749988,True,False
309,1440.0,829,178401,0.1,0.15744962290397302,918.7104589169976,True,False
310,540.0,518,178919,0.1,0.15118717093222825,921.4444146249989,True,False
311,1300.0,585,179504,0.1,0.152204622419513,924.5140191249993,True,False
312,570.0,467,179971,0.1,0.18169687733311077,927.0248289579977,True,False
313,1330.0,875,180846,0.1,0.14620967648208957,931.955925541999,True,False
314,1550.0,1088,181934,0.1,0.1535993254442206,937.5902806249978,True,False
315,340.0,428,182362,0.1,0.15741037695764382,939.8674062499995,True,False
316,760.0,582,182944,0.1,0.19053343322434246,942.7807675419972,True,False
317,720.0,584,183528,0.1,0.16613996250886623,945.7877702080004,True,False
318,210.0,306,183834,0.1,0.14469063220741718,948.1268732079989,True,False
319,520.0,571,184405,0.1,0.1510903193921476,951.1459909169971,True,False
320,500.0,466,184871,0.1,0.1404399761994337,953.2063433749972,True,False
321,1220.0,685,185556,0.1,0.1675190098020573,957.2867144579977,True,False
322,870.0,811,186367,0.1,0.1809923508859212,961.3500355420001,True,False
323,400.0,467,186834,0.1,0.17149494917920002,963.9695737919974,True,False
324,1280.0,985,187819,0.1,0.1630226412439734,969.5716222919982,True,False
325,1250.0,908,188727,0.1,0.1556139158060372,974.4772420419977,True,False
326,510.0,407,189134,0.1,0.16475456470952315,978.1409411669993,True,False
327,500.0,431,189565,0.1,0.18742529789192808,980.1630125829979,True,False
328,1150.0,873,190438,0.1,0.17275021225214005,985.6597559580005,True,False
329,360.0,363,190801,0.1,0.17191559403807252,988.0616644999973,True,False
330,880.0,558,191359,0.1,0.17996978355075816,991.764638749999,True,False
331,1710.0,918,192277,0.1,0.164986308283456,997.6423715829987,True,False
332,2330.0,887,193164,0.1,0.16165143459498346,1003.6951832079976,True,False
333,370.0,420,193584,0.1,0.14997310049477078,1007.162408958,True,False
334,1060.0,592,194176,0.1,0.1561917897968276,1011.9028977079979,True,False
335,780.0,537,194713,0.1,0.13724540941306015,1016.2860220829971,True,False
336,810.0,756,195469,0.1,0.15337769194412484,1022.7925816669995,True,False
337,390.0,488,195957,0.1,0.13621250736969906,1027.824736749997,True,False
338,280.0,445,196402,0.1,0.1320452832423889,1032.5836978329971,True,False
339,700.0,510,196912,0.1,0.12949687914806418,1038.3474709999973,True,False
340,670.0,797,197709,0.1,0.1422754345396206,1048.7374231249996,True,False
341,1220.0,751,198460,0.1,0.14784797857654222,1058.0114872919985,True,False
342,470.0,544,199004,0.1,0.14334218250587583,1065.3743964999994,True,False
343,380.0,405,199409,0.1,0.13676944212748274,1070.5486499170001,True,False
344,570.0,483,199892,0.1,0.1426999576943965,1076.040890417,True,False
345,1260.0,652,200544,0.1,0.1468870630202118,1085.5817282499993,True,False
346,1410.0,610,201154,0.1,0.1355959368918679,1089.8988680000002,True,False
347,320.0,348,201502,0.1,0.1497799480954806,1092.1939792079975,True,False
348,1020.0,838,202340,0.1,0.14430031783524014,1096.9992981249998,True,False
349,1420.0,837,203177,0.1,0.12315637001580598,1101.6710983329976,True,False
350,510.0,509,203686,0.1,0.1614611029155611,1104.4435155419997,True,False
351,340.0,375,204061,0.1,0.14693225662600487,1107.4513898330006,True,False
352,480.0,525,204586,0.1,0.127954030167738,1110.2701064579996,True,False
353,480.0,433,205019,0.1,0.1401348084349323,1112.5221473329984,True,False
354,450.0,484,205503,0.1,0.12733701875140843,1114.9457422499981,True,False
355,1180.0,876,206379,0.1,0.14273119295977021,1119.6364474170005,True,False
356,310.0,356,206735,0.1,0.12368126481436612,1122.2569818329976,True,False
357,1000.0,707,207442,0.1,0.11803474999164458,1128.0846839579972,True,False
358,800.0,800,208242,0.1,0.15864200288429856,1131.382757542,True,False
359,680.0,577,208819,0.1,0.15128562109182692,1134.1155461249982,True,False
360,800.0,722,209541,0.1,0.13194237875839623,1139.9538481669988,True,False
361,420.0,514,210055,0.1,0.1484600695548579,1142.2298272499975,True,False
362,1630.0,812,210867,0.1,0.1270967688998712,1145.9940634999984,True,False
363,490.0,596,211463,0.1,0.1178273064828159,1150.698389541998,True,False
364,550.0,479,211942,0.1,0.14152797777205706,1153.3543374580004,True,False
365,1590.0,951,212893,0.1,0.14743239698665483,1158.5490375419977,True,False
366,2010.0,1044,213937,0.1,0.14436776076097368,1162.8766555000002,True,False
367,280.0,333,214270,0.1,0.1480451453342495,1164.4666071249994,True,False
368,860.0,581,214851,0.1,0.149574746461264,1168.357051707997,True,False
369,3730.0,748,215599,0.1,0.15547253918599954,1174.2149827499998,True,False
370,400.0,486,216085,0.1,0.16451030081046408,1176.890932582999,True,False
371,370.0,536,216621,0.1,0.1475336852469551,1179.6718873749996,True,False
372,1000.0,628,217249,0.1,0.12853860885948892,1182.3411384169995,True,False
373,420.0,446,217695,0.1,0.14164476868537096,1184.2074349169998,True,False
374,520.0,577,218272,0.1,0.1615903899587434,1186.5019941669998,True,False
375,1070.0,838,219110,0.1,0.14838952790393214,1191.2853149580005,True,False
376,890.0,693,219803,0.1,0.15857452686036252,1194.9548047499993,True,False
377,440.0,495,220298,0.1,0.13767720040895284,1196.9414724999988,True,False
378,1330.0,854,221152,0.1,0.16617615475693595,1201.1389474579992,True,False
379,300.0,392,221544,0.1,0.14867480543955247,1202.7569465829984,True,False
380,400.0,485,222029,0.1,0.17338312372626843,1205.3178038749975,True,False
381,1310.0,872,222901,0.1,0.15592753729108003,1210.50489475,True,False
382,920.0,620,223521,0.1,0.1648593584616338,1214.7449907499977,True,False
383,520.0,604,224125,0.1,0.16799297390986753,1218.1596571249975,True,False
384,790.0,787,224912,0.1,0.14515201680286585,1222.3164192080003,True,False
385,890.0,647,225559,0.1,0.14746458249988023,1225.6404973749995,True,False
386,590.0,558,226117,0.1,0.14765385599540812,1228.566027249999,True,False
387,440.0,648,226765,0.1,0.15844634252335923,1231.963658749999,True,False
388,680.0,567,227332,0.1,0.1374032045648971,1234.7067145,True,False
389,2670.0,1097,228429,0.1,0.1493092464201533,1240.285391292,True,False
390,1160.0,871,229300,0.1,0.15157961059327518,1244.8924380419994,True,False
391,480.0,421,229721,0.1,0.14117976157438186,1247.5735230419996,True,False
392,1020.0,681,230402,0.1,0.16166289812501738,1251.0065332919985,True,False
393,1730.0,878,231280,0.1,0.14333436156369067,1255.9332119579994,True,False
394,720.0,582,231862,0.1,0.13090185977775476,1258.9621085830004,True,False
395,630.0,544,232406,0.1,0.1565588055562009,1262.149559333,True,False
396,830.0,634,233040,0.1,0.13383731995738526,1265.0345596669977,True,False
397,1240.0,775,233815,0.1,0.14492499050467125,1270.2631776249982,True,False
398,840.0,704,234519,0.1,0.15907241339498962,1274.0633919169995,True,False
399,1440.0,841,235360,0.1,0.14053919048035315,1278.0815187499975,True,False
400,890.0,760,236120,0.1,0.1430314510570545,1281.574993708,True,False
401,880.0,794,236914,0.1,0.137408621957281,1286.940861916999,True,False
402,490.0,536,237450,0.1,0.13443031840359987,1289.485079332997,True,False
403,860.0,821,238271,0.1,0.12796185658108897,1293.4161670419999,True,False
404,480.0,462,238733,0.1,0.15933148174321857,1295.6395821669976,True,False
405,530.0,544,239277,0.1,0.15103999147301211,1298.247921457998,True,False
406,840.0,694,239971,0.1,0.1407715182514549,1301.5779529169995,True,False
407,670.0,657,240628,0.1,0.14060770918925602,1304.7141676669999,True,False
408,440.0,526,241154,0.1,0.129345529122662,1307.3832928329975,True,False
409,730.0,738,241892,0.1,0.1366927039985721,1311.0219946670004,True,False
410,900.0,715,242607,0.1,0.134164699154456,1314.5363691249986,True,False
411,500.0,514,243121,0.1,0.12319126335340877,1316.9532311250005,True,False
412,580.0,563,243684,0.1,0.13086485064832876,1319.6256610419987,True,False
413,540.0,412,244096,0.1,0.146018080015495,1321.584638332999,True,False
414,720.0,644,244740,0.1,0.1368964586453223,1324.6844083750002,True,False
415,650.0,617,245357,0.1,0.1555751363275113,1327.5724741249978,True,False
416,460.0,467,245824,0.1,0.12472695384461147,1329.8132425419972,True,False
417,360.0,398,246222,0.1,0.1255609394248688,1331.7148346249996,True,False
418,510.0,404,246626,0.1,0.11825770685578336,1333.6911782499992,True,False
419,1700.0,765,247391,0.1,0.15281870497966,1337.433283208,True,False
420,610.0,482,247873,0.1,0.1279383865762348,1339.7624412919977,True,False
421,470.0,461,248334,0.1,0.147762296575567,1341.8709459579986,True,False
422,360.0,516,248850,0.1,0.1569245353110077,1344.1910514999981,True,False
423,730.0,532,249382,0.1,0.14553860678596603,1346.6084497079974,True,False
424,780.0,843,250225,0.1,0.1421444027980357,1350.5530783329996,True,False
425,920.0,691,250916,0.1,0.14047069515968333,1353.7478822079975,True,False
426,410.0,435,251351,0.1,0.14550728430212648,1357.0019600829983,True,False
427,480.0,496,251847,0.1,0.16285786988033402,1359.1479327499983,True,False
428,720.0,784,252631,0.1,0.15995560424896527,1362.8118780419973,True,False
429,910.0,535,253166,0.1,0.1601253599762472,1365.2468127079992,True,False
430,490.0,436,253602,0.1,0.13715335231171835,1367.2354219579975,True,False
431,850.0,641,254243,0.1,0.1234585725935176,1370.1769206669996,True,False
432,620.0,600,254843,0.1,0.15859947085380555,1372.9220801249976,True,False
433,270.0,358,255201,0.1,0.17312331837084557,1374.57399325,True,False
434,580.0,480,255681,0.1,0.14492694077392418,1376.7558557079974,True,False
435,460.0,486,256167,0.1,0.15502789117826904,1378.9393879169984,True,False
436,980.0,1080,257247,0.1,0.13045866820547317,1383.9825371249972,True,False
437,1630.0,781,258028,0.1,0.13940863700925696,1387.6379453749978,True,False
438,1370.0,790,258818,0.1,0.13677237448542554,1391.1086808750006,True,False
439,550.0,607,259425,0.1,0.15051359742095596,1393.7541479169995,True,False
440,690.0,477,259902,0.1,0.12944102506427205,1395.8677416249993,True,False
441,710.0,686,260588,0.1,0.15784780934539644,1398.8519402499987,True,False
442,920.0,885,261473,0.1,0.14543614144609796,1402.693256167,True,False
443,540.0,547,262020,0.1,0.1363021787663881,1405.1316318329991,True,False
444,870.0,596,262616,0.1,0.15042211427884614,1407.683790957999,True,False
445,780.0,601,263217,0.1,0.14179774828255176,1410.3375639169972,True,False
446,630.0,490,263707,0.1,0.13972221211087507,1412.5145021249991,True,False
447,860.0,731,264438,0.1,0.14374405950755695,1415.6882701670002,True,False
448,1290.0,784,265222,0.1,0.13605921517829506,1419.1907559169995,True,False
449,440.0,490,265712,0.1,0.15948254039617088,1421.4318947499996,True,False
450,560.0,656,266368,0.1,0.1372975476608589,1424.4808354999986,True,False
451,1690.0,956,267324,0.1,0.149055404050829,1429.6599934579972,True,False
452,680.0,656,267980,0.1,0.16988707699517652,1432.7043015829986,True,False
453,1210.0,782,268762,0.1,0.1427676200102537,1436.359201416999,True,False
454,1420.0,807,269569,0.1,0.1427113520774511,1439.9937672919987,True,False
455,1100.0,794,270363,0.1,0.14730578820889045,1443.6741613749982,True,False
456,1030.0,642,271005,0.1,0.14011859605725138,1446.6754930829993,True,False
457,930.0,592,271597,0.1,0.15114611520658475,1449.4105000419986,True,False
458,830.0,585,272182,0.1,0.1285564615199827,1452.2376257079995,True,False
459,680.0,682,272864,0.1,0.15264807345225798,1455.3690106249996,True,False
460,420.0,413,273277,0.1,0.17503666964549464,1457.237386124998,True,False
461,950.0,594,273871,0.1,0.16832543227418856,1459.9407037499986,True,False
462,1370.0,1022,274893,0.1,0.140447346973815,1464.5523339169995,True,False
463,1390.0,560,275453,0.1,0.16326083623405013,1467.0824040419975,True,False
464,850.0,758,276211,0.1,0.15141744536185076,1470.552272957997,True,False
465,1570.0,917,277128,0.1,0.1540670921864069,1474.6722418749996,True,False
466,850.0,671,277799,0.1,0.1753504270029639,1477.7657474999978,True,False
467,840.0,699,278498,0.1,0.17006151103547643,1480.8943459999973,True,False
468,470.0,511,279009,0.1,0.15789068082813174,1483.2253557919976,True,False
469,530.0,462,279471,0.1,0.1688457535660785,1485.327938208,True,False
470,1100.0,816,280287,0.1,0.15609469164308964,1489.2124094169994,True,False
471,620.0,494,280781,0.1,0.15757066747474094,1491.543546124998,True,False
472,790.0,650,281431,0.1,0.18042266826478787,1494.458761916998,True,False
473,830.0,801,282232,0.1,0.12715164673936308,1498.0493407499998,True,False
474,500.0,544,282776,0.1,0.1615776293363203,1500.4877875419988,True,False
475,430.0,389,283165,0.1,0.1592268572409743,1502.2530132499996,True,False
476,460.0,386,283551,0.1,0.14902801668116203,1504.867591708,True,False
477,2260.0,800,284351,0.1,0.1821495834738016,1508.303138416999,True,False
478,650.0,696,285047,0.1,0.17604258472378226,1511.6156789999986,True,False
479,1160.0,869,285916,0.1,0.183609759623031,1515.6218551249985,True,False
480,860.0,613,286529,0.1,0.16667447347510483,1518.4190093750003,True,False
481,670.0,668,287197,0.1,0.15444013679366625,1521.627024999998,True,False
482,570.0,536,287733,0.1,0.16646884554135266,1524.7348819170002,True,False
483,1210.0,949,288682,0.1,0.17713897779018065,1529.6122914169973,True,False
484,650.0,564,289246,0.1,0.18048839247290124,1532.4266425829992,True,False
485,1020.0,859,290105,0.1,0.16427292316112407,1536.5568201669994,True,False
486,1180.0,803,290908,0.1,0.162258590214807,1540.701940707997,True,False
487,760.0,533,291441,0.1,0.14582872065834532,1543.609518166999,True,False
488,530.0,619,292060,0.1,0.1732628561315998,1548.0461063749972,True,False
489,440.0,481,292541,0.1,0.18973966355745991,1551.0851659170003,True,False
490,690.0,530,293071,0.1,0.15667836514837813,1553.9501622499993,True,False
491,500.0,407,293478,0.1,0.1559457740947312,1557.534243332997,True,False
492,500.0,435,293913,0.1,0.1927306898485083,1560.0544399169994,True,False
493,1260.0,745,294658,0.1,0.15011550531151793,1563.9007218749975,True,False
494,270.0,382,295040,0.1,0.1685213208741819,1566.4177989169984,True,False
495,760.0,705,295745,0.1,0.16056362901475618,1570.2570129999986,True,False
496,670.0,520,296265,0.1,0.17888261629984928,1574.6937340419972,True,False
497,460.0,425,296690,0.1,0.16251241999133578,1578.7412762919994,True,False
498,1080.0,764,297454,0.1,0.15128099909588616,1583.699832667,True,False
499,610.0,544,297998,0.1,0.1583032398210729,1588.1160339579983,True,False
500,920.0,736,298734,0.1,0.1809247876719936,1592.133557416997,True,False
501,510.0,518,299252,0.1,0.16329584803718786,1597.3599363329995,True,False
502,770.0,631,299883,0.1,0.16842149224156028,1602.6065294170003,True,False
503,540.0,497,300380,0.1,0.17223513075709343,1605.7347268749982,True,False
504,1070.0,647,301027,0.1,0.18557290186793168,1609.015871042,True,False
505,1400.0,989,302016,0.1,0.20486906633502053,1613.6255200829983,True,False
506,1360.0,589,302605,0.1,0.17055147113341865,1616.2620705419977,True,False
507,770.0,629,303234,0.1,0.14475056839881428,1619.4013534579972,True,False
508,340.0,352,303586,0.1,0.1592277282086963,1621.0849344999988,True,False
509,850.0,609,304195,0.1,0.15451059644845755,1623.8329290000001,True,False
510,2020.0,1079,305274,0.1,0.18262800993742767,1628.797576375,True,False
511,1300.0,782,306056,0.1,0.18730985878833703,1632.3474798749994,True,False
512,300.0,360,306416,0.1,0.1717690357317527,1634.016190708,True,False
513,540.0,473,306889,0.1,0.16744555791808388,1636.183443916998,True,False
514,1950.0,816,307705,0.1,0.15713138020067824,1640.0125697919975,True,False
515,1280.0,988,308693,0.1,0.17174082988428202,1644.5843005419993,True,False
516,710.0,634,309327,0.1,0.1861216285372082,1648.742775374998,True,False
517,860.0,513,309840,0.1,0.16242847707151442,1650.9760103749977,True,False
518,640.0,541,310381,0.1,0.19283534387747447,1653.8301281249987,True,False
519,1250.0,562,310943,0.1,0.15392583063138382,1656.1994667500003,True,False
520,790.0,772,311715,0.1,0.1782113252487516,1659.709898666999,True,False
521,790.0,660,312375,0.1,0.17267212915149602,1663.0735966249995,True,False
522,910.0,661,313036,0.1,0.18269768898117256,1665.9212100419973,True,False
523,890.0,680,313716,0.1,0.16516783167334165,1669.1876556669995,True,False
524,430.0,405,314121,0.1,0.15353139489889145,1671.0569096250001,True,False
525,460.0,502,314623,0.1,0.15216437438130379,1673.321538332999,True,False
526,770.0,506,315129,0.1,0.164289576375461,1677.180709417,True,False
527,1430.0,808,315937,0.1,0.1773287327130242,1681.1203659999992,True,False
528,1920.0,892,316829,0.1,0.16991729541543887,1685.432398957997,True,False
529,470.0,428,317257,0.1,0.19203593045751624,1688.3227914579984,True,False
530,620.0,560,317817,0.1,0.18250161420021738,1690.618551624997,True,False
531,530.0,448,318265,0.1,0.1644945064825671,1692.4985501249976,True,False
532,370.0,411,318676,0.1,0.193663777801597,1694.3995888329991,True,False
533,520.0,479,319155,0.1,0.16806738460514725,1697.772403791998,True,False
534,1200.0,885,320040,0.1,0.1708728978829878,1702.6960232499987,True,False
535,650.0,494,320534,0.1,0.16679984073692222,1705.4279347499978,True,False
536,1050.0,747,321281,0.1,0.18090643765613995,1710.4563933749996,True,False
537,410.0,392,321673,0.1,0.159710915112982,1712.569070499998,True,False
538,2480.0,1161,322834,0.1,0.17651852275533922,1719.119819042,True,False
539,1510.0,966,323800,0.1,0.17786017454360142,1724.7130804579974,True,False
540,480.0,456,324256,0.1,0.16171190211255299,1727.0445622499974,True,False
541,600.0,527,324783,0.1,0.16777972754745082,1730.2114418329984,True,False
542,1470.0,899,325682,0.1,0.16131812863051892,1737.224500999997,True,False
543,420.0,385,326067,0.1,0.18904530856525525,1740.3819563329998,True,False
544,1300.0,871,326938,0.1,0.1513260468208325,1745.5623693749985,True,False
545,850.0,613,327551,0.1,0.15284540801266439,1750.8498866249975,True,False
546,1370.0,753,328304,0.1,0.17880216169924962,1755.050416416998,True,False
547,1500.0,791,329095,0.1,0.14930848571174035,1759.453590582998,True,False
548,360.0,462,329557,0.1,0.17888435506229772,1762.6197638329977,True,False
549,1000.0,667,330224,0.1,0.13331322407651092,1767.049017041998,True,False
550,660.0,506,330730,0.1,0.164728293609288,1769.256663917,True,False
551,790.0,725,331455,0.1,0.16663202865676985,1773.261967208,True,False
552,780.0,684,332139,0.1,0.13675576679364979,1778.7516020829971,True,False
553,610.0,484,332623,0.1,0.14494765711532645,1781.7429951249978,True,False
554,520.0,428,333051,0.1,0.15496353899067808,1783.6556747079994,True,False
555,460.0,450,333501,0.1,0.15814752491042677,1785.9714241669972,True,False
556,2910.0,1215,334716,0.1,0.15886036953643748,1791.3533615829983,True,False
557,3740.0,608,335324,0.1,0.1605192517959758,1793.858092082999,True,False
558,550.0,531,335855,0.1,0.13798556586896832,1796.061708707999,True,False
559,1350.0,863,336718,0.1,0.16093850237558838,1799.610191124997,True,False
560,990.0,662,337380,0.1,0.16280118019196643,1802.3081941249984,True,False
561,590.0,460,337840,0.1,0.15330323405239893,1804.168791917,True,False
562,1440.0,882,338722,0.1,0.1558389660478993,1807.8913807499994,True,False
563,530.0,483,339205,0.1,0.1758655908802324,1810.083958166997,True,False
564,460.0,435,339640,0.1,0.17649426430873916,1811.9443361249978,True,False
565,740.0,589,340229,0.1,0.16217913170706252,1814.379455541999,True,False
566,810.0,632,340861,0.1,0.17908445823513255,1818.0122964999973,True,False
567,1570.0,1382,342243,0.1,0.17246653701624146,1826.1478089169977,True,False
568,710.0,537,342780,0.1,0.17765150415124717,1830.4138987499973,True,False
569,1280.0,836,343616,0.1,0.16614208218940138,1834.1315046249983,True,False
570,920.0,861,344477,0.1,0.15274337731128515,1838.6444379169989,True,False
571,440.0,492,344969,0.1,0.1667376859643595,1841.5701909999989,True,False
572,790.0,690,345659,0.1,0.16910059440361205,1844.630756208,True,False
573,760.0,682,346341,0.1,0.1360409510980921,1848.3488648329985,True,False
574,770.0,680,347021,0.1,0.152342038513983,1852.1103035829983,True,False
575,1280.0,1112,348133,0.1,0.15397812137983258,1859.4665382499988,True,False
576,480.0,494,348627,0.1,0.16132256880826581,1864.205784124999,True,False
577,900.0,634,349261,0.1,0.1686463088453191,1872.672579916998,True,False
578,520.0,404,349665,0.1,0.1562728575144959,1875.6913746669998,True,False
579,1390.0,999,350664,0.1,0.14539222326874732,1882.7005545419997,True,False
580,800.0,630,351294,0.1,0.15145556052114553,1886.5911549169978,True,False
581,1480.0,1069,352363,0.1,0.1572278667841288,1893.022870375,True,False
582,410.0,527,352890,0.1,0.16136845709248024,1896.7089661249993,True,False
583,1130.0,737,353627,0.1,0.16489569950119956,1900.1576810419974,True,False
584,390.0,425,354052,0.1,0.14044383888907522,1902.2318011669995,True,False
585,310.0,328,354380,0.1,0.1718917350489192,1904.2333513749982,True,False
586,420.0,462,354842,0.1,0.18104336831880652,1907.4594227919988,True,False
587,1590.0,935,355777,0.1,0.16033176933693835,1914.0419689169976,True,False
588,550.0,470,356247,0.1,0.132819845349106,1916.335023874999,True,False
589,1340.0,922,357169,0.1,0.15072741501388096,1923.0622230419976,True,False
590,420.0,413,357582,0.1,0.16979241599012346,1926.2464971249974,True,False
591,380.0,359,357941,0.1,0.1628262882431348,1928.845637208,True,False
592,980.0,886,358827,0.1,0.18404314685528633,1936.5165180419972,True,False
593,270.0,327,359154,0.1,0.17895534043995345,1938.0365177919994,True,False
594,970.0,694,359848,0.1,0.17318715917310495,1942.0164282080004,True,False
595,420.0,422,360270,0.1,0.1686068957405431,1944.8026689170001,True,False
596,760.0,603,360873,0.1,0.16563532602609388,1948.0633495000002,True,False
597,750.0,925,361798,0.1,0.1719059275213258,1953.6536855829982,True,False
598,1450.0,900,362698,0.1,0.17940138712525366,1960.8525113750002,True,False
599,1040.0,902,363600,0.1,0.16098616113968656,1966.1790798749971,True,False
600,730.0,534,364134,0.1,0.15165073455388384,1968.5001581249999,True,False
601,470.0,483,364617,0.1,0.17153251739141862,1973.1156107919996,True,False
602,510.0,653,365270,0.1,0.15677199791545518,1976.438685457997,True,False
603,1200.0,1151,366421,0.1,0.1690440690015546,1982.895671416998,True,False
604,1160.0,787,367208,0.1,0.16253778039652683,1986.8506728329994,True,False
605,820.0,713,367921,0.1,0.184255366328727,1990.3993185420004,True,False
606,1120.0,880,368801,0.1,0.18111859231509947,1995.1881258329995,True,False
607,640.0,516,369317,0.1,0.16015172894148863,1998.364512832999,True,False
608,590.0,502,369819,0.1,0.14714043113589287,2002.0409070419992,True,False
609,480.0,431,370250,0.1,0.16819854142765203,2004.8396720829987,True,False
610,1540.0,932,371182,0.1,0.14408299234164118,2010.350612667,True,False
611,300.0,342,371524,0.1,0.16592907039232033,2012.1696340419985,True,False
612,4100.0,814,372338,0.1,0.15522150820111993,2016.9452816249977,True,False
613,200.0,298,372636,0.1,0.2172869962702195,2018.7179670829973,True,False
614,630.0,569,373205,0.1,0.17833942424138666,2021.9976735829987,True,False
615,910.0,612,373817,0.1,0.16199313067630225,2027.2813674169993,True,False
616,460.0,414,374231,0.1,0.18668956439761283,2032.0243022079994,True,False
617,480.0,453,374684,0.1,0.1960956089917505,2034.7195530829995,True,False
618,670.0,552,375236,0.1,0.14759018884944744,2038.5941500419976,True,False
619,690.0,511,375747,0.1,0.18626932370087762,2042.0130553329982,True,False
620,800.0,615,376362,0.1,0.17239584178700076,2046.4899662079988,True,False
621,1760.0,1255,377617,0.1,0.17305429335564945,2053.487355666999,True,False
622,550.0,481,378098,0.1,0.18618742803422114,2056.7816596249977,True,False
623,1460.0,880,378978,0.1,0.18613309179517357,2064.1969779579995,True,False
624,1110.0,722,379700,0.1,0.17805246243160733,2070.707632374997,True,False
625,600.0,605,380305,0.1,0.1893007584804336,2074.597262332998,True,False
626,1430.0,843,381148,0.1,0.17984106029732533,2080.1164234999997,True,False
627,1740.0,957,382105,0.1,0.1798734579967904,2085.246479499998,True,False
628,610.0,526,382631,0.1,0.14857958621196166,2088.2701101249986,True,False
629,540.0,469,383100,0.1,0.1788332606271162,2090.750382457998,True,False
630,360.0,412,383512,0.1,0.17868009972774868,2092.6422734169973,True,False
631,1040.0,958,384470,0.1,0.17555247722622241,2097.7472221669996,True,False
632,1200.0,687,385157,0.1,0.16894902178454538,2101.2263236670005,True,False
633,820.0,481,385638,0.1,0.1610377601037423,2103.6999973329985,True,False
634,610.0,466,386104,0.1,0.18944981071747777,2106.1286836670006,True,False
635,470.0,590,386694,0.1,0.17329590929811503,2109.0984534169984,True,False
636,430.0,480,387174,0.1,0.17814530758187175,2111.5979658329998,True,False
637,920.0,955,388129,0.1,0.17007426785063545,2117.113459791999,True,False
638,720.0,540,388669,0.1,0.1789402746491962,2121.1975930419976,True,False
639,1300.0,1047,389716,0.1,0.17284353014849524,2126.819840666998,True,False
640,790.0,782,390498,0.1,0.15160390474857427,2132.283518791999,True,False
641,1710.0,870,391368,0.1,0.1743466927234186,2137.712051874998,True,False
642,510.0,477,391845,0.1,0.14928845885921926,2139.8918119169975,True,False
643,1380.0,1078,392923,0.1,0.1536135476594964,2145.268870249998,True,False
644,820.0,626,393549,0.1,0.17658542158307544,2148.4177854169975,True,False
645,940.0,507,394056,0.1,0.17601867248927514,2150.8367485419985,True,False
646,440.0,577,394633,0.1,0.1619789243106627,2153.6322452919994,True,False
647,660.0,652,395285,0.1,0.17395492935656037,2156.791420374997,True,False
648,1240.0,732,396017,0.1,0.18407986532957826,2160.8887019169997,True,False
649,940.0,939,396956,0.1,0.18391211223095022,2167.3630064169993,True,False
650,690.0,665,397621,0.1,0.16718814950660768,2170.7730292919987,True,False
651,970.0,664,398285,0.1,0.17054607905447483,2176.060671957999,True,False
652,640.0,528,398813,0.1,0.18120541765044132,2180.0062162079994,True,False
653,680.0,542,399355,0.1,0.14478173737448674,2183.354482874998,True,False
654,1260.0,806,400161,0.1,0.16637584335622516,2188.8249035419976,True,False
655,440.0,468,400629,0.1,0.18771967329244074,2191.6863359579984,True,False
656,1270.0,848,401477,0.1,0.16958147160849482,2195.656891082999,True,False
657,530.0,467,401944,0.1,0.15887949700093168,2198.0033579579977,True,False
658,450.0,452,402396,0.1,0.1694526681923761,2200.3704512080003,True,False
659,1140.0,841,403237,0.1,0.16167933715596086,2206.2175800829973,True,False
660,510.0,602,403839,0.1,0.2095593941460053,2209.7428567079987,True,False
661,350.0,325,404164,0.1,0.18643471775803624,2211.223265124998,True,False
662,890.0,738,404902,0.1,0.18851581157144645,2214.416209125,True,False
663,660.0,586,405488,0.1,0.16911766591931687,2217.2868947919997,True,False
664,1270.0,863,406351,0.1,0.16600956979186035,2221.949306167,True,False
665,730.0,701,407052,0.1,0.16072791670872408,2227.8324339579995,True,False
666,570.0,457,407509,0.1,0.17252382214524245,2231.1159212079983,True,False
667,660.0,558,408067,0.1,0.16343842165397227,2235.2106371249974,True,False
668,360.0,397,408464,0.1,0.1665194635093212,2238.5926340000005,True,False
669,1490.0,940,409404,0.1,0.14878216671182753,2242.960501624999,True,False
670,640.0,606,410010,0.1,0.16310130012844573,2246.2360711250003,True,False
671,420.0,411,410421,0.1,0.14064706030111868,2247.9927429169984,True,False
672,1960.0,812,411233,0.1,0.17390287948286004,2252.153293874999,True,False
673,1370.0,855,412088,0.1,0.15345621210844995,2259.4469484580004,True,False
674,1220.0,864,412952,0.1,0.15192485131599284,2263.3234668330006,True,False
675,1170.0,697,413649,0.1,0.17228912236704225,2268.3701571249985,True,False
676,760.0,506,414155,0.1,0.15254310994512504,2271.3267548749973,True,False
677,1250.0,727,414882,0.1,0.1678879967798571,2275.6995146249974,True,False
678,1090.0,488,415370,0.1,0.1456824640941913,2278.223754249997,True,False
679,390.0,404,415774,0.1,0.1683025005282742,2281.7102104999976,True,False
680,540.0,497,416271,0.1,0.19411746706933744,2285.031987708,True,False
681,2970.0,964,417235,0.1,0.16786287972293948,2289.4599808329986,True,False
682,900.0,720,417955,0.1,0.1899151991431912,2294.6938553750006,True,False
683,590.0,576,418531,0.1,0.17237837837698558,2297.056590458,True,False
684,510.0,636,419167,0.1,0.1636452092174089,2302.3421459579986,True,False
685,470.0,511,419678,0.1,0.1743173718568869,2304.3913355419973,True,False
686,630.0,586,420264,0.1,0.1627099175436967,2306.7452152080004,True,False
687,980.0,658,420922,0.1,0.16254741205583986,2309.4059438330005,True,False
688,590.0,638,421560,0.1,0.15135758097749202,2312.018403708,True,False
689,1780.0,789,422349,0.1,0.18584670088617936,2315.233174541998,True,False
690,1640.0,1167,423516,0.1,0.1671913851511805,2321.9260834999986,True,False
691,890.0,706,424222,0.1,0.1610859473532235,2324.7798481669997,True,False
692,580.0,566,424788,0.1,0.14882076132885166,2327.1866942499983,True,False
693,980.0,584,425372,0.1,0.1469309986441409,2329.555414667,True,False
694,910.0,551,425923,0.1,0.17196756449058978,2331.775466457999,True,False
695,690.0,499,426422,0.1,0.1745073309838772,2333.8498139170006,True,False
696,980.0,708,427130,0.1,0.14591482782599616,2336.8467054579996,True,False
697,650.0,602,427732,0.1,0.163021769497963,2339.4757324579987,True,False
698,630.0,578,428310,0.1,0.14429115020256075,2342.1569180419974,True,False
699,1300.0,861,429171,0.1,0.15765517409457716,2346.1581927499974,True,False
700,810.0,641,429812,0.1,0.16483698012480824,2349.226428124999,True,False
701,420.0,460,430272,0.1,0.12136215690685355,2352.356522832997,True,False
702,1660.0,920,431192,0.1,0.16588907308228637,2356.687720624999,True,False
703,460.0,480,431672,0.1,0.15129528737937412,2359.0161004999973,True,False
704,710.0,560,432232,0.1,0.14971818274685314,2361.6550357079977,True,False
705,650.0,526,432758,0.1,0.1371197909799241,2364.6084864999975,True,False
706,750.0,692,433450,0.1,0.15432271977208253,2370.848855707998,True,False
707,1940.0,982,434432,0.1,0.14558593659260408,2379.207241707998,True,False
708,530.0,519,434951,0.1,0.1683279983988104,2382.217936792,True,False
709,720.0,675,435626,0.1,0.17039659052822717,2387.2136131669977,True,False
710,880.0,766,436392,0.1,0.16510154060476148,2391.179477499998,True,False
711,590.0,443,436835,0.1,0.16993999366055834,2393.9164327500002,True,False
712,1030.0,1025,437860,0.1,0.14450728120680914,2400.657150791998,True,False
713,720.0,650,438510,0.1,0.18005187446136534,2405.3739422500003,True,False
714,1650.0,880,439390,0.1,0.1442515427754684,2409.031758916997,True,False
715,620.0,487,439877,0.1,0.1594515870340535,2411.005909083,True,False
716,1650.0,970,440847,0.1,0.17043259419685552,2414.9995236249997,True,False
717,690.0,564,441411,0.1,0.1454368751258292,2417.809147374999,True,False
718,1300.0,584,441995,0.1,0.13560278625674035,2420.583558582999,True,False
719,1590.0,724,442719,0.1,0.17787330856968686,2423.9494142919975,True,False
720,910.0,625,443344,0.1,0.15774603809710522,2428.6585174169995,True,False
721,840.0,575,443919,0.1,0.16258530673030372,2430.9669288749974,True,False
722,1390.0,902,444821,0.1,0.13954708744994307,2437.7086314169974,True,False
723,1290.0,631,445452,0.1,0.16066168233327852,2440.4171590000005,True,False
724,700.0,531,445983,0.1,0.16106413629357563,2442.588459625,True,False
725,550.0,497,446480,0.1,0.1627633576095104,2444.6341457499984,True,False
726,570.0,551,447031,0.1,0.14790313625640242,2447.955219457999,True,False
727,920.0,787,447818,0.1,0.15198220812767593,2455.6543335829992,True,False
728,1670.0,740,448558,0.1,0.1727076460783546,2459.697889583,True,False
729,930.0,886,449444,0.1,0.16347263110717675,2463.2725069579974,True,False
730,960.0,654,450098,0.1,0.13915814157643933,2465.891831875,True,False
731,960.0,662,450760,0.1,0.15793311014681696,2469.5727920829995,True,False
732,1460.0,778,451538,0.1,0.14852690706317573,2473.3366673329983,True,False
733,770.0,579,452117,0.1,0.12961037891178295,2478.96310325,True,False
734,1090.0,1002,453119,0.1,0.15058618853241204,2487.449857374999,True,False
735,990.0,671,453790,0.1,0.1524056649234678,2492.9392193329986,True,False
736,860.0,613,454403,0.1,0.1575200102760706,2495.443593917,True,False
737,860.0,648,455051,0.1,0.14822041370940428,2501.131464708,True,False
738,1060.0,764,455815,0.1,0.1514628789343759,2505.639520875,True,False
739,760.0,650,456465,0.1,0.1518533297248779,2509.275676416997,True,False
740,1110.0,993,457458,0.1,0.13794110880623903,2513.1952874169983,True,False
741,800.0,679,458137,0.1,0.1409490315901006,2516.2839871670003,True,False
742,730.0,623,458760,0.1,0.14583866940572476,2520.4393535419986,True,False
743,1360.0,679,459439,0.1,0.1634810264470309,2523.1042948329996,True,False
744,360.0,389,459828,0.1,0.14500431343913078,2524.6501418749976,True,False
745,400.0,357,460185,0.1,0.18819621900159322,2526.0924654579976,True,False
746,800.0,543,460728,0.1,0.18615486565977335,2528.2384904579994,True,False
747,1190.0,663,461391,0.1,0.15341637260986096,2530.878237375,True,False
748,1750.0,849,462240,0.1,0.12890340630926997,2534.2722508749976,True,False
749,1230.0,788,463028,0.1,0.11854001605495583,2537.4206835419973,True,False
750,1400.0,834,463862,0.1,0.1307796385461608,2540.695523457998,True,False
751,1420.0,961,464823,0.1,0.15045813964679838,2546.390189374997,True,False
752,610.0,460,465283,0.1,0.1497011722429939,2548.2904322079994,True,False
753,2020.0,910,466193,0.1,0.13635237493731997,2552.2596237079997,True,False
754,1010.0,836,467029,0.1,0.15675550447910597,2558.967069582999,True,False
755,1400.0,695,467724,0.1,0.14073016012793985,2564.614970874998,True,False
756,1090.0,641,468365,0.1,0.1641112565761432,2569.6378926670004,True,False
757,830.0,642,469007,0.1,0.14789369341451675,2572.140390124998,True,False
758,1730.0,953,469960,0.1,0.15607180990372244,2575.891057249999,True,False
759,1270.0,876,470836,0.1,0.1269204743274543,2579.3436970000002,True,False
760,1100.0,847,471683,0.1,0.14785093645525488,2582.676764,True,False
761,1080.0,695,472378,0.1,0.1570786595687099,2585.4301892919975,True,False
762,1070.0,667,473045,0.1,0.14989184548041065,2588.0957245829995,True,False
763,550.0,483,473528,0.1,0.15840117673366522,2590.032240458,True,False
764,540.0,468,473996,0.1,0.1612643509084343,2591.906920792,True,False
765,430.0,438,474434,0.1,0.12944249114995704,2593.669516124999,True,False
766,530.0,473,474907,0.1,0.12963524896462084,2595.562669957999,True,False
767,790.0,817,475724,0.1,0.12256285624533164,2598.8271120829995,True,False
768,1550.0,725,476449,0.1,0.13731777740035267,2602.5510183749975,True,False
769,560.0,623,477072,0.1,0.11997737292534648,2605.078470291999,True,False
770,1180.0,1009,478081,0.1,0.1468129172285516,2609.1168677919995,True,False
771,1260.0,990,479071,0.1,0.13103127551947527,2613.0775738329976,True,False
772,1810.0,1121,480192,0.1,0.15455296403625682,2617.504151541998,True,False
773,300.0,360,480552,0.1,0.13357031032856967,2618.9618187919987,True,False
774,1020.0,697,481249,0.1,0.14816552023778015,2622.3284167079983,True,False
775,1200.0,943,482192,0.1,0.14587671982156017,2626.0750779169975,True,False
776,330.0,318,482510,0.1,0.17250003340312198,2628.3735757079994,True,False
777,730.0,602,483112,0.1,0.14513648560406356,2630.742471207999,True,False
778,1410.0,1192,484304,0.1,0.1534331195656485,2636.125091832997,True,False
779,720.0,691,484995,0.1,0.1344124759699023,2639.8039034169997,True,False
780,1550.0,922,485917,0.1,0.15205939523714446,2647.053047166999,True,False
781,450.0,524,486441,0.1,0.1501522604233891,2649.161959833,True,False
782,390.0,405,486846,0.1,0.1340212719422756,2650.788031582997,True,False
783,850.0,609,487455,0.1,0.13826222734917937,2653.8143922499985,True,False
784,1210.0,732,488187,0.1,0.1425630777585702,2656.7431275829986,True,False
785,1330.0,878,489065,0.1,0.14273029799488457,2660.217208124999,True,False
786,560.0,510,489575,0.1,0.14792834779643638,2662.236654082997,True,False
787,1040.0,781,490356,0.1,0.15171139284360166,2665.3082010830003,True,False
788,600.0,529,490885,0.1,0.12658522551822843,2667.4716921670006,True,False
789,650.0,523,491408,0.1,0.13694970112094898,2669.599350207998,True,False
790,670.0,496,491904,0.1,0.12617009923222564,2671.57189775,True,False
791,820.0,574,492478,0.1,0.1264393020134706,2673.8573240000005,True,False
792,300.0,356,492834,0.1,0.16412883134705297,2675.293155291998,True,False
793,480.0,430,493264,0.1,0.1494487645794396,2677.056405416999,True,False
794,480.0,456,493720,0.1,0.13095083123628506,2680.6783883749995,True,False
795,1230.0,920,494640,0.1,0.1449573098641375,2684.8663348329974,True,False
796,320.0,330,494970,0.1,0.12705626406865875,2686.184627082999,True,False
797,690.0,631,495601,0.1,0.13593427954783924,2688.6912930830003,True,False
798,1230.0,771,496372,0.1,0.13807444037975733,2691.7568316670004,True,False
799,1290.0,848,497220,0.1,0.162383781623025,2695.099973332999,True,False
800,1020.0,696,497916,0.1,0.13459235257415594,2697.829614874998,True,False
801,1280.0,897,498813,0.1,0.1508888942854745,2702.4307775829984,True,False
802,210.0,328,499141,0.1,0.14444453546368494,2703.759148457997,True,False
803,1600.0,995,500136,0.1,0.15506319834076496,2707.7118743749998,True,False
804,930.0,650,500786,0.1,0.1760137925085462,2710.2924955829985,True,False
805,740.0,632,501418,0.1,0.16812160552208183,2712.832991083,True,False
806,870.0,643,502061,0.1,0.1797520999119889,2715.446145624999,True,False
807,550.0,476,502537,0.1,0.13360501760069063,2717.3800798329976,True,False
808,550.0,483,503020,0.1,0.1530312358532563,2719.333866124998,True,False
809,440.0,408,503428,0.1,0.15393985146839245,2720.9742119999974,True,False
810,990.0,718,504146,0.1,0.1661168768918714,2723.9146303749985,True,False
811,780.0,686,504832,0.1,0.13457396386061296,2727.008307291999,True,False
812,630.0,515,505347,0.1,0.1194030768238008,2729.1423698750004,True,False
813,910.0,577,505924,0.1,0.1646265721012806,2731.4543526669986,True,False
814,1250.0,873,506797,0.1,0.14608783362040278,2734.9174388329993,True,False
815,970.0,675,507472,0.1,0.1390881900670084,2737.660619457998,True,False
816,510.0,472,507944,0.1,0.1564106340756861,2739.5861794169978,True,False
817,540.0,460,508404,0.1,0.14632016838244769,2741.4539638749993,True,False
818,970.0,638,509042,0.1,0.1544846200952365,2744.0301945419997,True,False
819,1680.0,958,510000,0.1,0.14266247485453884,2748.9961580419986,True,False
820,720.0,631,510631,0.1,0.19110048024849907,2752.371193332998,True,False
821,390.0,467,511098,0.1,0.16040361096334255,2754.2583198329994,True,False
822,730.0,668,511766,0.1,0.16369600254975394,2757.225328417,True,False
823,1320.0,664,512430,0.1,0.1771812075188002,2759.8816237499996,True,False
824,1760.0,775,513205,0.1,0.17105855664103917,2763.4672307919973,True,False
825,1040.0,734,513939,0.1,0.1319060911083482,2766.366783499998,True,False
826,420.0,389,514328,0.1,0.17167825799207298,2768.887724082997,True,False
827,770.0,675,515003,0.1,0.15437938104427995,2772.579684166998,True,False
828,2120.0,731,515734,0.1,0.1551631903632091,2775.563269541999,True,False
829,770.0,565,516299,0.1,0.18787605022179318,2777.8232133329984,True,False
830,1200.0,825,517124,0.1,0.1656382531557538,2781.161238249999,True,False
831,1500.0,944,518068,0.1,0.14655018278981669,2785.0481695419985,True,False
832,1410.0,742,518810,0.1,0.1670063830308012,2788.403152249997,True,False
833,1240.0,801,519611,0.1,0.18024215469136834,2792.045019333,True,False
834,920.0,583,520194,0.1,0.18002848427946846,2794.782153332999,True,False
835,660.0,505,520699,0.1,0.16496103256940842,2797.6291802079977,True,False
836,690.0,549,521248,0.1,0.14989811983769355,2799.933685832999,True,False
837,1830.0,771,522019,0.1,0.15625901103097325,2804.1746519169974,True,False
838,1000.0,864,522883,0.1,0.21290111357208202,2808.816481957998,True,False
839,770.0,609,523492,0.1,0.18903100147259003,2811.4068872499993,True,False
840,420.0,426,523918,0.1,0.16719971973238126,2813.432137749998,True,False
841,440.0,451,524369,0.1,0.19123857125508048,2815.316152874999,True,False
842,650.0,470,524839,0.1,0.21685403165144798,2818.1015986249986,True,False
843,1960.0,865,525704,0.1,0.19593744882927513,2821.671514624999,True,False
844,820.0,683,526387,0.1,0.17463034838438035,2824.890185417,True,False
845,1010.0,651,527038,0.1,0.16533106117526447,2827.893073457999,True,False
846,660.0,591,527629,0.1,0.1838700328576001,2830.7177621249975,True,False
847,760.0,706,528335,0.1,0.16513468117707156,2834.0708914999996,True,False
848,790.0,513,528848,0.1,0.2126703125590733,2836.544005249998,True,False
849,1990.0,1179,530027,0.1,0.18516280869541524,2842.1862582920003,True,False
850,1450.0,779,530806,0.1,0.1519835288516986,2845.744399125,True,False
851,540.0,628,531434,0.1,0.17163974053825543,2852.6654164169995,True,False
852,290.0,312,531746,0.1,0.1925519526195832,2853.9232987079995,True,False
853,1550.0,877,532623,0.1,0.18571012997872208,2857.4426170419974,True,False
854,1440.0,812,533435,0.1,0.17578341521946667,2860.7069539999975,True,False
855,1620.0,857,534292,0.1,0.17988226290705592,2864.2026547919995,True,False
856,560.0,600,534892,0.1,0.161763505153358,2866.7795817080005,True,False
857,1170.0,839,535731,0.1,0.19189221816556307,2870.615109416998,True,False
858,1120.0,783,536514,0.1,0.20695939834932892,2874.216453916997,True,False
859,860.0,644,537158,0.1,0.20352534183896848,2877.177531999998,True,False
860,980.0,898,538056,0.1,0.21313400181631248,2881.303934542,True,False
861,430.0,436,538492,0.1,0.19255097326608972,2883.335303,True,False
862,1560.0,707,539199,0.1,0.17633715096268465,2886.5476338749977,True,False
863,480.0,506,539705,0.1,0.2157977692430883,2888.872535999999,True,False
864,930.0,704,540409,0.1,0.15286550055977635,2892.0444989999996,True,False
865,1030.0,696,541105,0.1,0.1635119609706018,2895.214519166999,True,False
866,1100.0,847,541952,0.1,0.17766170055201314,2899.1762057079977,True,False
867,330.0,326,542278,0.1,0.1764057868240792,2900.6519132079993,True,False
868,510.0,556,542834,0.1,0.16909308723515745,2903.134681749998,True,False
869,1150.0,760,543594,0.1,0.16061487795883103,2906.4073424579983,True,False
870,940.0,764,544358,0.1,0.19961633195817782,2910.0380032499997,True,False
871,580.0,513,544871,0.1,0.1951690012938343,2912.591896624999,True,False
872,1010.0,742,545613,0.1,0.1751647687727405,2917.366068083,True,False
873,1440.0,909,546522,0.1,0.1793590005208217,2922.708148499998,True,False
874,800.0,625,547147,0.1,0.18020304796309808,2926.6679209169997,True,False
875,1020.0,716,547863,0.1,0.18770254859128477,2929.768194666998,True,False
876,860.0,947,548810,0.1,0.17072985990892484,2934.8928422499994,True,False
877,910.0,627,549437,0.1,0.178538613519661,2937.409638707999,True,False
878,830.0,644,550081,0.1,0.17346631501864943,2940.40227975,True,False
879,480.0,454,550535,0.1,0.15015960095730502,2942.2550513749993,True,False
880,870.0,749,551284,0.1,0.157997581929444,2946.9113187919975,True,False
881,970.0,786,552070,0.1,0.18562517140288742,2950.998729957999,True,False
882,1770.0,995,553065,0.1,0.1640852870322375,2955.4942689169984,True,False
883,470.0,489,553554,0.1,0.16080599522492925,2957.440381041997,True,False
884,1480.0,840,554394,0.1,0.19472957993192333,2960.7762926670002,True,False
885,1690.0,1300,555694,0.1,0.18083291814877436,2965.9611460419983,True,False
886,1330.0,901,556595,0.1,0.13970625877380372,2969.7399471669996,True,False
887,710.0,684,557279,0.1,0.17153859617765885,2972.5330607920005,True,False
888,1990.0,1021,558300,0.1,0.17319250665605068,2976.642490041999,True,False
889,890.0,692,558992,0.1,0.18177087818180895,2979.406688707997,True,False
890,1150.0,912,559904,0.1,0.18494003439289436,2983.0411366669978,True,False
891,640.0,567,560471,0.1,0.16283512061316494,2985.308297083,True,False
892,2940.0,995,561466,0.1,0.16950840706447043,2989.2802339579976,True,False
893,1690.0,824,562290,0.1,0.18459187305161676,2992.6460280419997,True,False
894,1200.0,804,563094,0.1,0.17866327910132668,2995.96702,True,False
895,1550.0,1052,564146,0.1,0.1928958424682173,3000.6424186669974,True,False
896,1800.0,1074,565220,0.1,0.18274361665142513,3005.4472966249996,True,False
897,890.0,794,566014,0.1,0.14922034319001015,3009.0354806670002,True,False
898,680.0,586,566600,0.1,0.16597261269684552,3011.7465241249993,True,False
899,3270.0,1467,568067,0.1,0.1517680906003616,3018.4080685419976,True,False
900,1080.0,636,568703,0.1,0.133266123538872,3021.338755375,True,False
901,930.0,589,569292,0.1,0.15257464087492711,3024.7592909999985,True,False
902,1520.0,705,569997,0.1,0.1456274268725379,3027.8965516669996,True,False
903,1420.0,772,570769,0.1,0.18301780865445655,3031.435997624998,True,False
904,630.0,445,571214,0.1,0.15737319992737728,3033.507974,True,False
905,970.0,764,571978,0.1,0.16835443704774242,3036.972243832999,True,False
906,870.0,563,572541,0.1,0.1627135399385547,3039.5326574169994,True,False
907,930.0,794,573335,0.1,0.15073417361374153,3043.0922395419984,True,False
908,1340.0,1072,574407,0.1,0.16424603254965214,3047.886764499999,True,False
909,530.0,560,574967,0.1,0.14174192126042076,3050.4321788749985,True,False
910,1150.0,530,575497,0.1,0.1576131830986281,3052.820176999998,True,False
911,440.0,458,575955,0.1,0.1333280395258937,3054.880468042,True,False
912,730.0,706,576661,0.1,0.16131215997166554,3058.009592416998,True,False
913,800.0,680,577341,0.1,0.16187986400635804,3061.0179663749987,True,False
914,680.0,572,577913,0.1,0.158742045501729,3063.5508914169986,True,False
915,2860.0,1402,579315,0.1,0.1294043920774545,3070.760145082997,True,False
916,1650.0,925,580240,0.1,0.15051615332927684,3074.5284643749983,True,False
917,930.0,838,581078,0.1,0.13215578550642187,3078.648137417,True,False
918,1280.0,898,581976,0.1,0.1250101800594065,3086.4412144169983,True,False
919,1080.0,763,582739,0.1,0.16557917163560265,3093.308073458,True,False
920,1030.0,868,583607,0.1,0.14241009439054172,3099.5082660829976,True,False
921,930.0,756,584363,0.1,0.12474573959433843,3104.5137892919993,True,False
922,760.0,591,584954,0.1,0.14242899191339273,3107.5650005419993,True,False
923,650.0,596,585550,0.1,0.12503881182446575,3113.4791269999987,True,False
924,970.0,687,586237,0.1,0.1401997019731721,3117.417866374999,True,False
925,690.0,699,586936,0.1,0.11382758300219263,3121.8522544169973,True,False
926,410.0,521,587457,0.1,0.13580336824346048,3125.0060925,True,False
927,780.0,649,588106,0.1,0.1292323749512434,3127.6546549999985,True,False
928,1250.0,604,588710,0.1,0.13936636309503325,3132.5943355419986,True,False
929,680.0,496,589206,0.1,0.1535603450310807,3135.6757429169993,True,False
930,2350.0,1017,590223,0.1,0.12928220595959133,3142.962418125,True,False
931,4510.0,1146,591369,0.1,0.15052204419459617,3149.3103695829996,True,False
932,1380.0,733,592102,0.1,0.14219031782179584,3152.3272814579977,True,False
933,430.0,432,592534,0.1,0.14584346432928685,3154.920639917,True,False
934,1000.0,792,593326,0.1,0.13042282325337934,3160.875851624998,True,False
935,780.0,756,594082,0.1,0.1554297408059476,3164.940341207999,True,False
936,1400.0,797,594879,0.1,0.1544409758837229,3169.277532666998,True,False
937,680.0,607,595486,0.1,0.164605135514744,3172.355970124998,True,False
938,1000.0,545,596031,0.1,0.140021483085173,3175.508404,True,False
939,1090.0,806,596837,0.1,0.12971963987934707,3178.8169973330005,True,False
940,420.0,466,597303,0.1,0.1419097156552919,3180.7932311669974,True,False
941,1610.0,899,598202,0.1,0.12918869163427088,3184.5250376250006,True,False
942,710.0,608,598810,0.1,0.17107596755714008,3188.385276375,True,False
943,390.0,491,599301,0.1,0.15070664770598333,3190.9155837079998,True,False
944,580.0,476,599777,0.1,0.16827171324055737,3192.922383792,True,False
945,650.0,638,600415,0.1,0.1443384898439893,3195.530474291998,True,False
946,690.0,562,600977,0.1,0.15460354018401593,3197.838343332998,True,False
947,1900.0,1108,602085,0.1,0.1326929829503655,3202.9466247499986,True,False
948,680.0,685,602770,0.1,0.11925318756560135,3205.7331403749995,True,False
949,1670.0,766,603536,0.1,0.1527090766855205,3208.8841779169998,True,False
950,2110.0,710,604246,0.1,0.12055394863762424,3211.7848649169973,True,False
951,1220.0,924,605170,0.1,0.13486836497466287,3216.862064957997,True,False
952,410.0,423,605593,0.1,0.16120243121711714,3218.5944288749997,True,False
953,1260.0,633,606226,0.1,0.16087970236622834,3221.163154499998,True,False
954,360.0,393,606619,0.1,0.1514522201780762,3222.7734029169987,True,False
955,1950.0,963,607582,0.1,0.15527101980205393,3226.7624972079975,True,False
956,240.0,369,607951,0.1,0.20312868726804204,3228.284230082998,True,False
957,380.0,418,608369,0.1,0.18264410765398117,3230.1325562499987,True,False
958,1570.0,1026,609395,0.1,0.14568167013203492,3234.327239082999,True,False
959,2300.0,841,610236,0.1,0.14732769709874952,3237.6968941669984,True,False
960,980.0,849,611085,0.1,0.12894040034240428,3241.131189749998,True,False
961,620.0,542,611627,0.1,0.16343558546569611,3243.3249060829985,True,False
962,1670.0,958,612585,0.1,0.14005969371646643,3247.1680094999974,True,False
963,840.0,653,613238,0.1,0.14819993204408627,3249.773703374998,True,False
964,740.0,675,613913,0.1,0.16320907849179217,3252.504914833,True,False
965,2390.0,753,614666,0.1,0.14328997837815513,3255.5662846669984,True,False
966,360.0,408,615074,0.1,0.126976887750275,3257.2169356669983,True,False
967,980.0,820,615894,0.1,0.14457880354872563,3260.6380602499994,True,False
968,760.0,538,616432,0.1,0.13769462007891248,3262.880310291999,True,False
969,1280.0,905,617337,0.1,0.1481221616432994,3266.5427715829974,True,False
970,2620.0,912,618249,0.1,0.1311871645514641,3270.2082377080005,True,False
971,560.0,513,618762,0.1,0.12946860803640448,3272.274329666998,True,False
972,1030.0,678,619440,0.1,0.13247681964627084,3275.0316841249987,True,False
973,1170.0,839,620279,0.1,0.16087178467064384,3278.415045124999,True,False
974,880.0,656,620935,0.1,0.13705160521061682,3281.062858541998,True,False
975,620.0,634,621569,0.1,0.15066057066403846,3283.6193609170004,True,False
976,820.0,671,622240,0.1,0.16225198463403753,3287.2331747499993,True,False
977,1270.0,989,623229,0.1,0.16159166163399152,3291.212475291999,True,False
978,1330.0,683,623912,0.1,0.12888882927901563,3293.9536212079984,True,False
979,830.0,614,624526,0.1,0.15141867595463018,3296.422286792,True,False
980,980.0,908,625434,0.1,0.1578358112534894,3300.0562981669973,True,False
981,1420.0,837,626271,0.1,0.16522045071686856,3303.4051029170005,True,False
982,1120.0,580,626851,0.1,0.14805904157973568,3305.7483278750005,True,False
983,630.0,620,627471,0.1,0.1565359487408592,3308.255419457997,True,False
984,1270.0,872,628343,0.1,0.157503398784667,3311.743429957998,True,False
985,640.0,667,629010,0.1,0.14637013205778812,3314.4279284999975,True,False
986,1590.0,726,629736,0.1,0.15547287404782825,3317.346245124998,True,False
987,960.0,699,630435,0.1,0.17014346630366026,3320.900042333,True,False
988,790.0,625,631060,0.1,0.14375047891098222,3323.4100155419983,True,False
989,1130.0,851,631911,0.1,0.1600026287981924,3326.804800624999,True,False
990,1720.0,864,632775,0.1,0.15215421262783585,3330.3608289999975,True,False
991,700.0,540,633315,0.1,0.1610436820873508,3332.5800562080003,True,False
992,670.0,562,633877,0.1,0.15249273097737037,3334.873144833,True,False
993,580.0,704,634581,0.1,0.12601428895934738,3337.7452162499976,True,False
994,850.0,517,635098,0.1,0.142486754458311,3339.8817715419973,True,False
995,550.0,524,635622,0.1,0.14207969750953084,3342.0404731249982,True,False
996,750.0,623,636245,0.1,0.1426582501914639,3344.593402708,True,False
997,1240.0,673,636918,0.1,0.15509019219981773,3347.3558101249982,True,False
998,640.0,596,637514,0.1,0.1598102992913067,3349.8044095829973,True,False
999,2850.0,1228,638742,0.1,0.1439535824660855,3354.868758417,True,False
1000,1740.0,733,639475,0.1,0.17269081171459513,3357.924974499998,True,False
1001,1450.0,692,640167,0.1,0.14433031654082282,3364.5523933330005,True,False
1002,500.0,405,640572,0.1,0.12039765819688053,3368.1180552919977,True,False
1003,2370.0,1347,641919,0.1,0.16691108149409825,3374.8551969580003,True,False
1004,550.0,490,642409,0.1,0.1717981162473438,3376.9366428329995,True,False
1005,890.0,705,643114,0.1,0.18882305981506678,3380.827629874999,True,False
1006,1440.0,804,643918,0.1,0.14465012362421448,3384.110416083,True,False
1007,1030.0,951,644869,0.1,0.14718214493683157,3387.9652969169983,True,False
1008,590.0,521,645390,0.1,0.14399251777392166,3390.0793127920006,True,False
1009,1400.0,542,645932,0.1,0.15619241213425994,3392.276533082997,True,False
1010,970.0,625,646557,0.1,0.16546615990451896,3394.809467916999,True,False
1011,760.0,709,647266,0.1,0.1651674080850546,3397.6591885829985,True,False
1012,720.0,608,647874,0.1,0.13172046184588812,3400.165505666999,True,False
1013,2080.0,992,648866,0.1,0.15385150789253174,3404.270221499999,True,False
1014,1330.0,953,649819,0.1,0.12077657389258888,3408.7941337919983,True,False
1015,1450.0,772,650591,0.1,0.15333374996954297,3413.181034833,True,False
1016,570.0,493,651084,0.1,0.13976914802145574,3415.2476497919997,True,False
1017,650.0,558,651642,0.1,0.17471006516662005,3417.707915666997,True,False
1018,1330.0,942,652584,0.1,0.1522113594337035,3422.3888140829986,True,False
1019,1810.0,902,653486,0.1,0.13655836914976438,3426.940330792,True,False
1020,1180.0,978,654464,0.1,0.14652900374969657,3432.487348041999,True,False
1021,1190.0,770,655234,0.1,0.129743932823961,3435.725870291997,True,False
1022,1830.0,1136,656370,0.1,0.13077008587793565,3441.3564187919983,True,False
1023,1030.0,878,657248,0.1,0.14224575901912018,3446.699512542,True,False
1024,920.0,680,657928,0.1,0.16957638045663342,3449.534963541999,True,False
1025,1350.0,775,658703,0.1,0.15539887332275432,3453.4038019170002,True,False
1026,1150.0,779,659482,0.1,0.14859551359445622,3458.0183520419996,True,False
1027,1500.0,1013,660495,0.1,0.14177892541903045,3463.112041207998,True,False
1028,560.0,495,660990,0.1,0.14888006312051608,3465.5881719169993,True,False
1029,1220.0,728,661718,0.1,0.14324371635422603,3469.211645042,True,False
1030,520.0,491,662209,0.1,0.11764429636844774,3472.3248230829995,True,False
1031,880.0,610,662819,0.1,0.13012094424400283,3474.8389487079985,True,False
1032,1110.0,905,663724,0.1,0.13947240421589513,3478.9056695,True,False
1033,990.0,697,664421,0.1,0.1462954997523934,3482.190746082997,True,False
1034,2060.0,784,665205,0.1,0.12918028486322383,3485.951187167,True,False
1035,1060.0,750,665955,0.1,0.12366230829673655,3489.5023338749997,True,False
1036,900.0,601,666556,0.1,0.15033660872241125,3493.372379166998,True,False
1037,540.0,628,667184,0.1,0.17212704607066076,3498.5821723749978,True,False
1038,460.0,552,667736,0.1,0.15075855367425559,3500.9984677499997,True,False
1039,1250.0,795,668531,0.1,0.15771341902401412,3506.305413916998,True,False
1040,1340.0,707,669238,0.1,0.13609239139125845,3511.1447677920005,True,False
1041,2430.0,971,670209,0.1,0.1414980208769502,3517.1144153329988,True,False
1042,1070.0,705,670914,0.1,0.1302500784883953,3521.2621772079983,True,False
1043,970.0,595,671509,0.1,0.15776468308379987,3525.150206082999,True,False
1044,850.0,961,672470,0.1,0.13808966639917344,3531.0380979170004,True,False
1045,1560.0,724,673194,0.1,0.15704966153311467,3535.6790545000003,True,False
1046,360.0,328,673522,0.1,0.17297439981342816,3537.2055416250005,True,False
1047,1220.0,795,674317,0.1,0.1644574180058199,3542.447029791998,True,False
1048,1250.0,727,675044,0.1,0.14930925108901746,3547.5394022500004,True,False
1049,1880.0,929,675973,0.1,0.13643718531740637,3553.228870499999,True,False
1050,1200.0,926,676899,0.1,0.1355586749908728,3559.436707875,True,False
1051,1580.0,1021,677920,0.1,0.13496211395249702,3567.890032042,True,False
1052,1640.0,1059,678979,0.1,0.13990142135739778,3574.669520874999,True,False
1053,800.0,599,679578,0.1,0.13045266032218933,3577.3605079169974,True,False
1054,1490.0,784,680362,0.1,0.15046713596247896,3581.924192667,True,False
1055,1360.0,1196,681558,0.1,0.14432720684860662,3588.413353249998,True,False
1056,830.0,739,682297,0.1,0.14567482671826273,3592.7852444169985,True,False
1057,840.0,647,682944,0.1,0.18104224996986212,3595.976364582999,True,False
1058,1190.0,668,683612,0.1,0.11529936394960938,3599.882193999998,True,False
1059,1430.0,813,684425,0.1,0.12580878286636227,3604.679178541999,True,False
1060,1180.0,774,685199,0.1,0.14759297145849065,3608.3766484169973,True,False
1061,1550.0,1151,686350,0.1,0.16820762168693668,3614.975135749999,True,False
1062,1100.0,560,686910,0.1,0.13095610809645483,3617.7196469579976,True,False
1063,580.0,419,687329,0.1,0.20286593699739092,3620.3526425419986,True,False
1064,740.0,628,687957,0.1,0.16638741808332455,3623.9249296669987,True,False
1065,460.0,465,688422,0.1,0.10763792293788545,3627.418191124998,True,False
1066,670.0,650,689072,0.1,0.14284391542382402,3630.3673674579986,True,False
1067,1250.0,824,689896,0.1,0.14386898217704688,3635.851969207997,True,False
1068,1320.0,935,690831,0.1,0.1627473875384602,3643.415247249999,True,False
1069,820.0,693,691524,0.1,0.14729062344707633,3646.202616999999,True,False
1070,860.0,567,692091,0.1,0.14345394196451133,3648.5017679999983,True,False
1071,1400.0,733,692824,0.1,0.13213260421205475,3651.6676245419985,True,False
1072,1400.0,770,693594,0.1,0.16288327821530402,3655.665379957998,True,False
1073,1130.0,1211,694805,0.1,0.1302766939532934,3662.752693874998,True,False
1074,810.0,485,695290,0.1,0.15634008678646127,3665.326114624997,True,False
1075,1070.0,648,695938,0.1,0.1384569164595486,3668.056767457998,True,False
1076,1100.0,770,696708,0.1,0.1544359695513786,3673.5026540830004,True,False
1077,1160.0,660,697368,0.1,0.14588030275296082,3676.175179124999,True,False
1078,860.0,784,698152,0.1,0.132120424539459,3679.9011143749995,True,False
1079,530.0,452,698604,0.1,0.1594419086895949,3682.0975683750003,True,False
1080,1150.0,873,699477,0.1,0.14479182969026883,3686.4698538329976,True,False
1081,1110.0,814,700291,0.1,0.11893309576647916,3690.5408922919996,True,False
1082,2330.0,892,701183,0.1,0.1368326288752358,3695.26960625,True,False
1083,1360.0,690,701873,0.1,0.15161263669243438,3698.430086958,True,False
1084,2090.0,1129,703002,0.1,0.11955018311818229,3706.1025295,True,False
1085,1320.0,967,703969,0.1,0.13859843670521393,3709.961745124998,True,False
1086,1600.0,1135,705104,0.1,0.13043784804012573,3714.550921708,True,False
1087,1090.0,668,705772,0.1,0.14541683696254998,3718.5709294169974,True,False
1088,850.0,687,706459,0.1,0.14648343254512514,3721.365149999998,True,False
1089,1400.0,832,707291,0.1,0.15094552179261184,3725.1498292920005,True,False
1090,1060.0,726,708017,0.1,0.13130741671833035,3729.193230916997,True,False
1091,1780.0,806,708823,0.1,0.1668932226796945,3732.4630489579977,True,False
1092,520.0,424,709247,0.1,0.1431413165311206,3734.2408220830002,True,False
1093,1410.0,1129,710376,0.1,0.15246303818540732,3739.523936207999,True,False
1094,670.0,640,711016,0.1,0.13674667358864098,3742.5500100419995,True,False
1095,820.0,613,711629,0.1,0.15296364973719215,3745.5343884579997,True,False
1096,950.0,711,712340,0.1,0.11910838217296627,3748.8215508329995,True,False
1097,690.0,546,712886,0.1,0.12076219653382021,3751.5076259579982,True,False
1098,1550.0,894,713780,0.1,0.14593293488724157,3755.85849925,True,False
1099,900.0,679,714459,0.1,0.1312292641105913,3759.2126194999983,True,False
1100,2220.0,1029,715488,0.1,0.15030530496507652,3764.893280417,True,False
1101,1050.0,640,716128,0.1,0.14291628005448728,3768.9368205829996,True,False
1102,260.0,408,716536,0.1,0.09462981621789582,3771.1476935829996,True,False
1103,1010.0,770,717306,0.1,0.12571484742996594,3774.8530737500005,True,False
1104,320.0,482,717788,0.1,0.14589355692021116,3778.3937728329984,True,False
1105,1060.0,699,718487,0.1,0.13561885046034022,3781.2125372499977,True,False
1106,540.0,402,718889,0.1,0.1351037655800286,3783.8163337080005,True,False
1107,1050.0,872,719761,0.1,0.1410290712251439,3787.442374416998,True,False
1108,330.0,478,720239,0.1,0.15071268930655568,3789.9003935830006,True,False
1109,640.0,594,720833,0.1,0.12015277954856021,3793.2326309579985,True,False
1110,580.0,500,721333,0.1,0.12495131942629814,3795.7165337080005,True,False
1111,850.0,669,722002,0.1,0.14863437647278793,3799.5784060000005,True,False
1112,1670.0,751,722753,0.1,0.15178878551864244,3803.190469082998,True,False
1113,1280.0,723,723476,0.1,0.15833699858608496,3806.815240791999,True,False
1114,1330.0,903,724379,0.1,0.12527903362280793,3811.4696728749987,True,False
1115,370.0,355,724734,0.1,0.1298548485455888,3813.182837917,True,False
1116,1090.0,748,725482,0.1,0.11740402396230455,3816.5620458329977,True,False
1117,1450.0,841,726323,0.1,0.14296406810837134,3820.8148738329983,True,False
1118,1330.0,766,727089,0.1,0.13580215647622632,3824.4212331669987,True,False
1119,740.0,559,727648,0.1,0.1331370039976069,3827.082898499997,True,False
1120,1010.0,755,728403,0.1,0.1382594878606974,3830.8222561250004,True,False
1121,1470.0,728,729131,0.1,0.12351926436627304,3834.199263167,True,False
1122,1120.0,696,729827,0.1,0.13574888257459664,3837.386215167,True,False
1123,1030.0,840,730667,0.1,0.1294516266013185,3841.2397056249974,True,False
1124,1490.0,916,731583,0.1,0.149784435790569,3845.4483512080005,True,False
1125,950.0,680,732263,0.1,0.15122907608747482,3848.551793374998,True,False
1126,1130.0,781,733044,0.1,0.13391177252657255,3852.7963056249973,True,False
1127,2480.0,837,733881,0.1,0.14518290477399334,3856.4730594579996,True,False
1128,520.0,466,734347,0.1,0.14901814879528408,3858.4954929999985,True,False
1129,1130.0,867,735214,0.1,0.15438850611139276,3862.390408457999,True,False
1130,1580.0,656,735870,0.1,0.14954772358760238,3865.5438478329997,True,False
1131,230.0,392,736262,0.1,0.12616827715264292,3867.454150292,True,False
1132,850.0,681,736943,0.1,0.147125578332035,3870.6962792079976,True,False
1133,1090.0,733,737676,0.1,0.14194505843941285,3873.9205639579995,True,False
1134,1040.0,760,738436,0.1,0.1435926117002964,3877.312125417,True,False
1135,1340.0,959,739395,0.1,0.15525430322441597,3881.636240707998,True,False
1136,700.0,598,739993,0.1,0.15463148808727661,3884.3040588749973,True,False
1137,440.0,426,740419,0.1,0.15705240154111721,3886.2249182919986,True,False
1138,1690.0,969,741388,0.1,0.13445445774084747,3890.487782417,True,False
1139,380.0,455,741843,0.1,0.15141741761657518,3892.540454957998,True,False
1140,710.0,569,742412,0.1,0.14839275928956647,3895.0788340420004,True,False
1141,900.0,745,743157,0.1,0.13764776918356136,3898.32033875,True,False
1142,1720.0,987,744144,0.1,0.13926792117627526,3902.4434507919977,True,False
1143,1200.0,570,744714,0.1,0.11669208752122563,3904.818285999998,True,False
1144,1290.0,905,745619,0.1,0.14098386361008197,3908.624947791999,True,False
1145,750.0,532,746151,0.1,0.13409372781844517,3910.8797730000006,True,False
1146,620.0,680,746831,0.1,0.15042690829757382,3913.8404536669987,True,False
1147,1590.0,708,747539,0.1,0.14245500844919076,3917.114008499997,True,False
1148,840.0,687,748226,0.1,0.1347385421178715,3920.144185833,True,False
1149,1290.0,869,749095,0.1,0.14721080966396816,3924.0231264579998,True,False
1150,1360.0,920,750015,0.1,0.1222643295141018,3928.4204798749997,True,False
1151,870.0,558,750573,0.1,0.12395309655527983,3932.012902749997,True,False
1152,1340.0,538,751111,0.1,0.13247713791345483,3934.2744076249983,True,False
1153,330.0,379,751490,0.1,0.12374391571471566,3935.9925610419996,True,False
1154,490.0,512,752002,0.1,0.1334958374791313,3938.4321753330005,True,False
1155,540.0,632,752634,0.1,0.15911360661487414,3941.2446618329996,True,False
1156,2710.0,952,753586,0.1,0.1463081786690765,3945.7061100419996,True,False
1157,660.0,574,754160,0.1,0.15012724709231406,3948.855079957997,True,False
1158,770.0,744,754904,0.1,0.15357369042292077,3952.068758292,True,False
1159,750.0,527,755431,0.1,0.12731683589802442,3954.316219832999,True,False
1160,1450.0,759,756190,0.1,0.14412965288287716,3957.8981552080004,True,False
1161,870.0,582,756772,0.1,0.13307471200823784,3960.4467070419996,True,False
1162,850.0,550,757322,0.1,0.11327223088184413,3962.8736656250003,True,False
1163,1460.0,746,758068,0.1,0.12480715009817146,3966.1617657919996,True,False
1164,1850.0,920,758988,0.1,0.1167203064845956,3970.283859125,True,False
1165,1760.0,854,759842,0.1,0.12547375838941252,3974.168725042,True,False
1166,1850.0,969,760811,0.1,0.13365873754455532,3978.5884452499995,True,False
1167,1670.0,780,761591,0.1,0.14407532587647437,3982.0621470419974,True,False
1168,940.0,613,762204,0.1,0.1342216478176899,3984.742919041997,True,False
1169,990.0,845,763049,0.1,0.1231315063480376,3988.38684725,True,False
1170,2010.0,814,763863,0.1,0.15396538114386238,3992.0577961669987,True,False
1171,980.0,727,764590,0.1,0.1560034906123202,3995.3890373329996,True,False
1172,1100.0,629,765219,0.1,0.15047066359762934,3998.197022958,True,False
1173,1230.0,726,765945,0.1,0.13064847953085387,4001.3701427919987,True,False
1174,840.0,676,766621,0.1,0.12657139313644206,4004.2708469169993,True,False
1175,1880.0,1056,767677,0.1,0.14583640173077583,4008.9621649580004,True,False
1176,930.0,740,768417,0.1,0.13844663343719535,4013.1723514999976,True,False
1177,1750.0,771,769188,0.1,0.1496769494999567,4016.5289581670004,True,False
1178,1200.0,829,770017,0.1,0.13008388714945834,4020.855236291998,True,False
1179,1540.0,730,770747,0.1,0.12406531498245485,4024.4744202919974,True,False
1180,1000.0,706,771453,0.1,0.14813042303684068,4027.5277266249977,True,False
1181,1340.0,789,772242,0.1,0.13071540541719967,4030.9654003329997,True,False
1182,1450.0,1017,773259,0.1,0.11216264371356861,4035.6299540830005,True,False
1183,1030.0,827,774086,0.1,0.11996659537516355,4040.066221457997,True,False
1184,1220.0,847,774933,0.1,0.14029652057742736,4043.8020828329973,True,False
1185,1490.0,785,775718,0.1,0.14313439574396733,4047.3733907919996,True,False
1186,1510.0,713,776431,0.1,0.12889878825399648,4050.7533391670004,True,False
1187,960.0,730,777161,0.1,0.1326084519772093,4054.3306106249984,True,False
1188,840.0,769,777930,0.1,0.1577140425409501,4058.0727140829986,True,False
1189,1430.0,1047,778977,0.1,0.1426104490453278,4063.8821774999997,True,False
1190,1040.0,736,779713,0.1,0.12885722121142823,4067.39541225,True,False
1191,750.0,657,780370,0.1,0.1554821317265855,4070.6399657919974,True,False
1192,1240.0,747,781117,0.1,0.14879328638992526,4074.267711166998,True,False
1193,1140.0,775,781892,0.1,0.13380091792913443,4077.3649231249983,True,False
1194,1020.0,923,782815,0.1,0.13885193308410437,4081.0078604169976,True,False
1195,1970.0,812,783627,0.1,0.13879251089222325,4084.2277519169984,True,False
1196,1090.0,657,784284,0.1,0.11426180128121015,4086.9871211249992,True,False
1197,1470.0,763,785047,0.1,0.14569460604535905,4090.897027457999,True,False
1198,1730.0,1033,786080,0.1,0.12626790638624702,4095.2092044579986,True,False
1199,520.0,565,786645,0.1,0.15517522442214032,4098.033819041997,True,False
1200,850.0,617,787262,0.1,0.1398448162385589,4101.431063291999,True,False
1201,1000.0,968,788230,0.1,0.13688538308170708,4107.724892124999,True,False
1202,2170.0,746,788976,0.1,0.11904973467005128,4111.3217094579995,True,False
1203,1530.0,1261,790237,0.1,0.14843780802828924,4116.902177374999,True,False
1204,810.0,550,790787,0.1,0.12755899876356125,4119.206978832997,True,False
1205,750.0,515,791302,0.1,0.11405696064349292,4121.253297416999,True,False
1206,1300.0,1073,792375,0.1,0.14372904725901003,4125.553255583,True,False
1207,1530.0,628,793003,0.1,0.12861835083384424,4128.6260283329975,True,False
1208,1150.0,936,793939,0.1,0.15013055665752825,4132.733790499999,True,False
1209,680.0,523,794462,0.1,0.1588439187532618,4134.916029,True,False
1210,1230.0,728,795190,0.1,0.1650086047005031,4137.995833499997,True,False
1211,940.0,747,795937,0.1,0.1445261557153202,4141.272235707998,True,False
1212,740.0,509,796446,0.1,0.11958256730531144,4143.4614210830005,True,False
1213,810.0,618,797064,0.1,0.15032495625557438,4146.0273243329975,True,False
1214,920.0,686,797750,0.1,0.10789952299704678,4148.813250166997,True,False
1215,1080.0,811,798561,0.1,0.12101520570407948,4152.106505874999,True,False
1216,1110.0,641,799202,0.1,0.14352103301789612,4154.7772249579975,True,False
1217,1470.0,676,799878,0.1,0.1338881500307801,4157.576817082998,True,False
1218,890.0,595,800473,0.1,0.1531984267768844,4160.046523458001,True,False
1219,880.0,779,801252,0.1,0.1502663788314049,4163.180879416999,True,False
1220,630.0,501,801753,0.1,0.09995139583945274,4165.191453042,True,False
1221,1350.0,864,802617,0.1,0.13196305682261786,4168.690340666999,True,False
1222,1090.0,1029,803646,0.1,0.14305574075112315,4172.875728416999,True,False
1223,980.0,741,804387,0.1,0.12815907214944428,4175.846792207998,True,False
1224,660.0,522,804909,0.1,0.11954996244313608,4177.945515374999,True,False
1225,1010.0,691,805600,0.1,0.10836667239106115,4180.676270832999,True,False
1226,1290.0,774,806374,0.1,0.14593844613726276,4185.065317917,True,False
1227,1890.0,945,807319,0.1,0.12809033223064775,4188.796753541999,True,False
1228,1690.0,694,808013,0.1,0.1392082784795898,4191.543203624999,True,False
1229,710.0,562,808575,0.1,0.16132506552551473,4193.737264374999,True,False
1230,760.0,591,809166,0.1,0.1389349562845923,4196.080119499999,True,False
1231,580.0,459,809625,0.1,0.11065112522438816,4197.897008707998,True,False
1232,1030.0,656,810281,0.1,0.12377285373556178,4200.504998666998,True,False
1233,1510.0,665,810946,0.1,0.1322295241372054,4203.154486125,True,False
1234,1130.0,765,811711,0.1,0.14709961400684263,4206.166985791999,True,False
1235,440.0,377,812088,0.1,0.1517880259964027,4207.678244541999,True,False
1236,1310.0,840,812928,0.1,0.14781120471833717,4211.001424832997,True,False
1237,930.0,715,813643,0.1,0.15458642812759688,4213.7970454999995,True,False
1238,1640.0,767,814410,0.1,0.1674917225027457,4216.876848958,True,False
1239,930.0,799,815209,0.1,0.15369026547297834,4220.045311416998,True,False
1240,880.0,635,815844,0.1,0.11622630774318797,4222.572124082999,True,False
1241,890.0,681,816525,0.1,0.17545979534659314,4225.266888832997,True,False
1242,1120.0,946,817471,0.1,0.13880213007520317,4229.003688541998,True,False
1243,750.0,766,818237,0.1,0.14191005280978666,4231.963566582999,True,False
1244,770.0,552,818789,0.1,0.14131295436696298,4234.122495083,True,False
1245,380.0,364,819153,0.1,0.1322758718096948,4235.532988125,True,False
1246,880.0,653,819806,0.1,0.13884349656434147,4238.099641833,True,False
1247,850.0,527,820333,0.1,0.13050814407567182,4240.202867958,True,False
1248,550.0,470,820803,0.1,0.13354062155271187,4242.083082582998,True,False
1249,410.0,416,821219,0.1,0.1679280858952552,4243.7359165829985,True,False
1250,1000.0,836,822055,0.1,0.13197719234456287,4247.044868707999,True,False
1251,2220.0,1114,823169,0.1,0.1527206606321758,4252.7149238329985,True,False
1252,1260.0,1057,824226,0.1,0.1467091393318366,4256.963332707997,True,False
1253,1890.0,882,825108,0.1,0.1554712910896243,4260.988953332999,True,False
1254,770.0,635,825743,0.1,0.16622763096437423,4263.514133541998,True,False
1255,1630.0,708,826451,0.1,0.12685030660891938,4266.903808125,True,False
1256,940.0,629,827080,0.1,0.13103251986771444,4270.702657624999,True,False
1257,970.0,590,827670,0.1,0.1696730193358903,4273.788477124999,True,False
1258,610.0,552,828222,0.1,0.13340175508157068,4276.6884268329995,True,False
1259,520.0,409,828631,0.1,0.15939036086566893,4278.557866416999,True,False
1260,1440.0,611,829242,0.1,0.17580151411832548,4281.357757292,True,False
1261,830.0,621,829863,0.1,0.1387673408874581,4284.458128499999,True,False
1262,710.0,626,830489,0.1,0.12724047182661713,4287.675952916998,True,False
1263,380.0,369,830858,0.1,0.14657383134750568,4289.497709166997,True,False
1264,520.0,564,831422,0.1,0.1485068388415355,4292.328579082998,True,False
1265,1840.0,863,832285,0.1,0.1340435352348895,4296.668282999999,True,False
1266,2180.0,729,833014,0.1,0.13591302331577945,4299.746897833,True,False
1267,1240.0,677,833691,0.1,0.14199024054205275,4302.665711707999,True,False
1268,980.0,696,834387,0.1,0.15861836422620149,4305.725135582998,True,False
1269,1130.0,715,835102,0.1,0.14894209226707839,4308.794339791999,True,False
1270,1960.0,1026,836128,0.1,0.14173622946128075,4313.294867499997,True,False
1271,1270.0,735,836863,0.1,0.14402053798319864,4316.496041832997,True,False
1272,960.0,794,837657,0.1,0.12344477740327019,4319.873858332998,True,False
1273,1180.0,769,838426,0.1,0.16886847920250148,4323.250322417,True,False
1274,1570.0,727,839153,0.1,0.14645423230479707,4326.334579541999,True,False
1275,460.0,497,839650,0.1,0.13598333166972285,4328.555327708,True,False
1276,1140.0,647,840297,0.1,0.14391910089294851,4332.677147457998,True,False
1277,1370.0,923,841220,0.1,0.1444069864188051,4336.638380917,True,False
1278,980.0,636,841856,0.1,0.1340936448120471,4339.363856707998,True,False
1279,610.0,516,842372,0.1,0.11693072064902431,4341.512031791997,True,False
1280,970.0,731,843103,0.1,0.1457216245644204,4344.5909678749995,True,False
1281,1420.0,961,844064,0.1,0.15231227406389486,4348.642703333,True,False
1282,1580.0,865,844929,0.1,0.14359747026012176,4352.210630792,True,False
1283,1200.0,770,845699,0.1,0.13918633293360472,4355.511700249997,True,False
1284,2750.0,846,846545,0.1,0.15409677035509134,4358.987191041997,True,False
1285,2180.0,620,847165,0.1,0.142254199676456,4361.717182124998,True,False
1286,1290.0,889,848054,0.1,0.15727462941730344,4365.6644042499975,True,False
1287,1290.0,886,848940,0.1,0.15343946715195975,4369.289021082997,True,False
1288,810.0,621,849561,0.1,0.13399571397852514,4371.830613167,True,False
1289,1710.0,833,850394,0.1,0.1345481742710735,4375.199752249999,True,False
1290,1240.0,804,851198,0.1,0.150903276376315,4378.412314041998,True,False
1291,700.0,598,851796,0.1,0.17976132017870744,4380.816863874999,True,False
1292,930.0,604,852400,0.1,0.12924584546527326,4383.2290995,True,False
1293,1150.0,604,853004,0.1,0.14908413962763273,4385.661416832998,True,False
1294,1670.0,800,853804,0.1,0.13756171917542814,4388.94995925,True,False
1295,840.0,641,854445,0.1,0.15042936478275806,4391.520558958,True,False
1296,1290.0,1015,855460,0.1,0.15050693665902445,4395.434268124998,True,False
1297,970.0,881,856341,0.1,0.15682596000419421,4398.920471124999,True,False
1298,1010.0,574,856915,0.1,0.12987809257021735,4401.2051069579975,True,False
1299,1200.0,956,857871,0.1,0.13884533463225204,4404.922478500001,True,False
1300,1080.0,765,858636,0.1,0.14050402449599156,4407.958777207998,True,False
1301,770.0,542,859178,0.1,0.1222134184230257,4411.139987667,True,False
1302,1030.0,541,859719,0.1,0.15801806549231212,4413.2617126669975,True,False
1303,1310.0,806,860525,0.1,0.14689694741501078,4416.394476499998,True,False
1304,640.0,656,861181,0.1,0.14058844224981418,4419.025013208,True,False
1305,1080.0,964,862145,0.1,0.1446328712279495,4422.890890499999,True,False
1306,660.0,446,862591,0.1,0.1444039054483444,4424.674939958,True,False
1307,1050.0,734,863325,0.1,0.135456462977859,4427.551664708,True,False
1308,860.0,580,863905,0.1,0.1482850967553155,4429.997456749999,True,False
1309,820.0,740,864645,0.1,0.16682399686526608,4433.276130332997,True,False
1310,2030.0,869,865514,0.1,0.15306441155412503,4436.957742374998,True,False
1311,2240.0,670,866184,0.1,0.14426267415373809,4439.821009457999,True,False
1312,450.0,435,866619,0.1,0.12965293787419796,4441.696040082999,True,False
1313,920.0,591,867210,0.1,0.13290439942549612,4444.256154125,True,False
1314,700.0,560,867770,0.1,0.16521512107657535,4446.672376625,True,False
1315,1000.0,653,868423,0.1,0.13783910155204906,4449.3988527500005,True,False
1316,1010.0,626,869049,0.1,0.1375496599491045,4452.113611875,True,False
1317,980.0,652,869701,0.1,0.14939391466737525,4454.926097207997,True,False
1318,1150.0,647,870348,0.1,0.14437759235317324,4457.636401042,True,False
1319,1100.0,773,871121,0.1,0.13656553231334131,4460.944665499999,True,False
1320,940.0,567,871688,0.1,0.13995864069167996,4463.391889125,True,False
1321,1240.0,755,872443,0.1,0.15622439081879688,4466.646093957999,True,False
1322,2420.0,779,873222,0.1,0.12949244084839637,4469.990688832997,True,False
1323,620.0,576,873798,0.1,0.15749736960666874,4472.428161874999,True,False
1324,1430.0,795,874593,0.1,0.15442536322952216,4475.806347582999,True,False
1325,1870.0,902,875495,0.1,0.14098207162486182,4479.683047499999,True,False
1326,1060.0,623,876118,0.1,0.13545651038965353,4483.259264875,True,False
1327,830.0,645,876763,0.1,0.1381641962096928,4486.0461172079995,True,False
1328,1470.0,642,877405,0.1,0.14747926700420633,4488.936529249997,True,False
1329,1810.0,939,878344,0.1,0.12541643547567916,4492.919339207998,True,False
1330,950.0,622,878966,0.1,0.15642533248230334,4495.596701582999,True,False
1331,720.0,554,879520,0.1,0.15662442539021265,4498.003473875,True,False
1332,540.0,505,880025,0.1,0.13005682314553904,4500.137576957997,True,False
1333,690.0,556,880581,0.1,0.1494506437787049,4502.356474417,True,False
1334,1310.0,843,881424,0.1,0.1456970486313246,4505.626578707997,True,False
1335,1070.0,699,882123,0.1,0.15217991443029766,4508.396178957999,True,False
1336,1180.0,685,882808,0.1,0.14594686951293329,4511.17969375,True,False
1337,510.0,391,883199,0.1,0.15975582808947442,4512.918718124998,True,False
1338,510.0,441,883640,0.1,0.18002018926514163,4514.865667124999,True,False
1339,530.0,451,884091,0.1,0.1480144277614142,4516.728681999997,True,False
1340,1020.0,922,885013,0.1,0.16916493665894647,4520.3615512920005,True,False
1341,950.0,705,885718,0.1,0.14420043797740204,4523.172677541999,True,False
1342,910.0,560,886278,0.1,0.13993152409259763,4525.426899999999,True,False
1343,890.0,626,886904,0.1,0.14974429662440233,4528.002367249999,True,False
1344,440.0,445,887349,0.1,0.1412258239815364,4529.833487124997,True,False
1345,1160.0,857,888206,0.1,0.15487388841738212,4533.243401249998,True,False
1346,1370.0,901,889107,0.1,0.16860059207512273,4536.846030499997,True,False
1347,610.0,561,889668,0.1,0.13092024601890262,4539.165076582998,True,False
1348,1370.0,797,890465,0.1,0.13807306648349044,4542.369179875001,True,False
1349,1060.0,761,891226,0.1,0.14070652219417848,4545.3688587920005,True,False
1350,1730.0,872,892098,0.1,0.17558741187591345,4548.884366167,True,False
1351,1590.0,742,892840,0.1,0.13502978631645762,4553.0944781670005,True,False
1352,1110.0,696,893536,0.1,0.19197241533761736,4555.910931499999,True,False
1353,1630.0,703,894239,0.1,0.17149630195328167,4558.670311541999,True,False
1354,1770.0,910,895149,0.1,0.137049499768437,4562.288479416999,True,False
1355,960.0,779,895928,0.1,0.16028865215679008,4565.437040917001,True,False
1356,1200.0,786,896714,0.1,0.14812695284431077,4568.558184833,True,False
1357,530.0,442,897156,0.1,0.15740075831611952,4570.366967791997,True,False
1358,1070.0,819,897975,0.1,0.1656371173722779,4573.6793899999975,True,False
1359,990.0,792,898767,0.1,0.16052719510414384,4576.876850417,True,False
1360,1700.0,746,899513,0.1,0.14189941516733742,4579.830428416997,True,False
1361,520.0,423,899936,0.1,0.12456727895955995,4581.543582291997,True,False
1362,1210.0,715,900651,0.1,0.15334376209321315,4584.382547124998,True,False
1363,1410.0,780,901431,0.1,0.16775187082015552,4587.516966583,True,False
1364,960.0,855,902286,0.1,0.14310802764772812,4591.015473125,True,False
1365,620.0,513,902799,0.1,0.13497569313040003,4593.126369041998,True,False
1366,1140.0,604,903403,0.1,0.16101673746247167,4595.572276082999,True,False
1367,690.0,539,903942,0.1,0.1533392737309138,4597.732733624998,True,False
1368,1290.0,953,904895,0.1,0.17284818201818886,4601.499619167,True,False
1369,1160.0,846,905741,0.1,0.13977721370405183,4604.894183624998,True,False
1370,620.0,496,906237,0.1,0.13457471129274176,4606.899333582998,True,False
1371,970.0,701,906938,0.1,0.1565439248085022,4609.702146832999,True,False
1372,1270.0,909,907847,0.1,0.16115037879459396,4613.317321499999,True,False
1373,850.0,636,908483,0.1,0.12877874313004362,4615.857861124998,True,False
1374,1090.0,656,909139,0.1,0.1836809603860829,4618.507494624999,True,False
1375,940.0,705,909844,0.1,0.17062813830746096,4621.329148291999,True,False
1376,950.0,635,910479,0.1,0.15135066838392727,4624.68078975,True,False
1377,560.0,524,911003,0.1,0.1618496084031258,4626.743578916998,True,False
1378,1310.0,869,911872,0.1,0.15009212495605334,4630.191922624999,True,False
1379,840.0,586,912458,0.1,0.12806506756029717,4632.532308999998,True,False
1380,1040.0,662,913120,0.1,0.1917381602821939,4635.200444332997,True,False
1381,1100.0,552,913672,0.1,0.1635964587735741,4637.438976333,True,False
1382,730.0,574,914246,0.1,0.14487685698208275,4639.727107249997,True,False
1383,1250.0,843,915089,0.1,0.1485356370790451,4643.052733666998,True,False
1384,930.0,682,915771,0.1,0.18330917097628116,4645.780225667,True,False
1385,2340.0,694,916465,0.1,0.14506369064851055,4648.798860291998,True,False
1386,330.0,419,916884,0.1,0.1394967289552802,4650.684136042,True,False
1387,710.0,685,917569,0.1,0.14062246665009978,4653.622627833,True,False
1388,1090.0,731,918300,0.1,0.16197250754943962,4656.824277666998,True,False
1389,970.0,808,919108,0.1,0.16758698147564832,4660.444558583,True,False
1390,1190.0,922,920030,0.1,0.1359915029986397,4665.280612082999,True,False
1391,1130.0,692,920722,0.1,0.15643001591108438,4668.471637499999,True,False
1392,690.0,702,921424,0.1,0.16788792445070364,4671.575363832999,True,False
1393,1340.0,586,922010,0.1,0.18237727763105746,4674.097767416999,True,False
1394,2150.0,764,922774,0.1,0.18482727017156117,4677.361809541999,True,False
1395,960.0,685,923459,0.1,0.18862264435629397,4680.364763082998,True,False
1396,1340.0,672,924131,0.1,0.15429953929214252,4683.263269416999,True,False
1397,1260.0,808,924939,0.1,0.15373741785562275,4686.777657625,True,False
1398,1110.0,776,925715,0.1,0.15208466491210706,4690.131674624998,True,False
1399,1080.0,670,926385,0.1,0.18429780595137604,4693.029740124999,True,False
1400,1490.0,871,927256,0.1,0.1881661836502202,4696.787811041999,True,False
1401,1500.0,1048,928304,0.1,0.18662612865330608,4702.469524832999,True,False
1402,860.0,791,929095,0.1,0.14458710431750052,4705.981356666998,True,False
1403,760.0,541,929636,0.1,0.18056242151514573,4708.338288999999,True,False
1404,2170.0,1333,930969,0.1,0.14465424935850832,4714.112787582999,True,False
1405,1100.0,697,931666,0.1,0.16434355662471947,4717.0778537080005,True,False
1406,1050.0,893,932559,0.1,0.14007267164642767,4720.947317874998,True,False
1407,1030.0,712,933271,0.1,0.18320554371379064,4723.941329541998,True,False
1408,1050.0,621,933892,0.1,0.16975094225162116,4726.413592207999,True,False
1409,1090.0,645,934537,0.1,0.14718512977872575,4728.940673541998,True,False
1410,1560.0,977,935514,0.1,0.16389799406599315,4732.808059707997,True,False
1411,770.0,552,936066,0.1,0.15782765828181003,4735.027936041999,True,False
1412,990.0,644,936710,0.1,0.16358134192154275,4737.562138707999,True,False
1413,980.0,738,937448,0.1,0.1486276611685753,4740.487313833,True,False
1414,1180.0,682,938130,0.1,0.1515830186140888,4743.225213041998,True,False
1415,620.0,542,938672,0.1,0.2047175285680329,4745.393569042,True,False
1416,720.0,567,939239,0.1,0.15605042380749756,4747.618602250001,True,False
1417,900.0,740,939979,0.1,0.14541552987050366,4750.513262917,True,False
1418,1240.0,842,940821,0.1,0.17870845424090798,4753.876634707998,True,False
1419,480.0,508,941329,0.1,0.12984235408737904,4755.8988681249975,True,False
1420,1030.0,770,942099,0.1,0.1345277804066427,4758.926317792,True,False
1421,440.0,539,942638,0.1,0.15283717626222856,4761.069931582999,True,False
1422,1150.0,726,943364,0.1,0.13343702934191123,4763.962329957998,True,False
1423,1480.0,797,944161,0.1,0.16550108240028122,4767.095376833,True,False
1424,1720.0,895,945056,0.1,0.15452893600533052,4770.663415625,True,False
1425,850.0,700,945756,0.1,0.17486918234399387,4773.432203166998,True,False
1426,1180.0,778,946534,0.1,0.1816237847483957,4777.723287082998,True,False
1427,1450.0,887,947421,0.1,0.15978736951443795,4781.1911518749985,True,False
1428,710.0,665,948086,0.1,0.13220665143825203,4783.808538707999,True,False
1429,2350.0,855,948941,0.1,0.15809559728079867,4787.239151457998,True,False
1430,1660.0,932,949873,0.1,0.1518494186627123,4790.978962916997,True,False
1431,930.0,799,950672,0.1,0.11234812835231424,4794.167390957999,True,False
1432,2480.0,992,951664,0.1,0.1685056561273673,4798.060236833,True,False
1433,740.0,457,952121,0.1,0.1718136314302683,4799.920900166999,True,False
1434,1200.0,790,952911,0.1,0.1635144455878414,4803.164935291999,True,False
1435,1110.0,789,953700,0.1,0.1599654598594314,4806.574496375,True,False
1436,950.0,743,954443,0.1,0.14042400631147461,4809.560837916997,True,False
1437,1150.0,966,955409,0.1,0.17076824698597193,4813.34519525,True,False
1438,1080.0,757,956166,0.1,0.1457570003316043,4816.389886875,True,False
1439,1260.0,712,956878,0.1,0.1658466181435277,4819.190584707998,True,False
1440,900.0,695,957573,0.1,0.17914146017925492,4821.939359541997,True,False
1441,1080.0,716,958289,0.1,0.1495240808948458,4824.811373958,True,False
1442,860.0,684,958973,0.1,0.15713632535951877,4827.566421042,True,False
1443,410.0,452,959425,0.1,0.12822915198264923,4829.361312207999,True,False
1444,1610.0,902,960327,0.1,0.16093942531281047,4832.909036082998,True,False
1445,940.0,676,961003,0.1,0.14425980141000636,4835.597584249997,True,False
1446,1560.0,706,961709,0.1,0.17369491482774416,4838.416696458,True,False
1447,1500.0,615,962324,0.1,0.1704002930117505,4840.860432166999,True,False
1448,990.0,737,963061,0.1,0.17377794329481927,4843.7567320419985,True,False
1449,1260.0,718,963779,0.1,0.13812342091520738,4846.620188207999,True,False
1450,910.0,627,964406,0.1,0.17222320862636445,4849.131136917,True,False
1451,480.0,532,964938,0.1,0.1550768657510442,4852.340104499999,True,False
1452,1290.0,1024,965962,0.1,0.13563302517286502,4856.301012083,True,False
1453,920.0,598,966560,0.1,0.15272133108228444,4858.6958900419995,True,False
1454,940.0,750,967310,0.1,0.15680173987692053,4861.710031167,True,False
1455,1040.0,597,967907,0.1,0.12048640973465954,4864.0823671670005,True,False
1456,450.0,454,968361,0.1,0.18109912859896818,4865.860010624998,True,False
1457,960.0,744,969105,0.1,0.16198014300717142,4868.776624416998,True,False
1458,920.0,640,969745,0.1,0.1364997269352898,4871.3093767499995,True,False
1459,340.0,328,970073,0.1,0.14658883168566517,4872.685588791999,True,False
1460,1220.0,663,970736,0.1,0.16661855984613838,4875.328743208,True,False
1461,800.0,846,971582,0.1,0.17506020115379473,4878.629268041997,True,False
1462,990.0,653,972235,0.1,0.16532669879176135,4881.213179916998,True,False
1463,500.0,475,972710,0.1,0.21611333491296328,4883.105889291997,True,False
1464,1360.0,832,973542,0.1,0.16476707633298177,4886.378606291997,True,False
1465,920.0,564,974106,0.1,0.17571270420935983,4888.606174499997,True,False
1466,1440.0,624,974730,0.1,0.15378524630497664,4891.079256375,True,False
1467,1420.0,1049,975779,0.1,0.14794571431111972,4895.203334667,True,False
1468,840.0,549,976328,0.1,0.15419155532035275,4897.433567832999,True,False
1469,930.0,814,977142,0.1,0.1391150770901606,4900.956496416999,True,False
1470,530.0,495,977637,0.1,0.12975004364946677,4903.091007583,True,False
1471,1690.0,999,978636,0.1,0.16198250041157009,4907.323346666999,True,False
1472,1560.0,712,979348,0.1,0.1462929972311419,4910.279090582997,True,False
1473,1200.0,655,980003,0.1,0.15328447761848293,4913.104249917,True,False
1474,1080.0,591,980594,0.1,0.15632002828391017,4915.673219875,True,False
1475,1020.0,603,981197,0.1,0.16872461522553142,4918.250879083,True,False
1476,1620.0,1002,982199,0.1,0.14578764061629773,4923.357656082997,True,False
1477,750.0,590,982789,0.1,0.2018182712380548,4925.967008542,True,False
1478,1280.0,844,983633,0.1,0.13718034662482861,4929.533493749997,True,False
1479,590.0,520,984153,0.1,0.1762449427579458,4931.757229874998,True,False
1480,1660.0,868,985021,0.1,0.1406737514320881,4935.4903385,True,False
1481,1330.0,835,985856,0.1,0.13632764106696588,4939.038593375,True,False
1482,1220.0,823,986679,0.1,0.14263841570695726,4942.511260625,True,False
1483,3780.0,722,987401,0.1,0.13562294207924966,4945.608246166998,True,False
1484,1210.0,646,988047,0.1,0.1539596417999786,4948.356182957999,True,False
1485,820.0,611,988658,0.1,0.1715645316038646,4950.973079957999,True,False
1486,1660.0,853,989511,0.1,0.17956742663548586,4954.620905958,True,False
1487,1090.0,567,990078,0.1,0.15152944590319212,4957.074193707998,True,False
1488,340.0,420,990498,0.1,0.12004519030451774,4958.842458874999,True,False
1489,1080.0,620,991118,0.1,0.14308285373112847,4961.601015291999,True,False
1490,1090.0,786,991904,0.1,0.15026700900404283,4965.190153166997,True,False
1491,930.0,687,992591,0.1,0.15814428323367882,4968.057721916997,True,False
1492,740.0,530,993121,0.1,0.13976974419801308,4970.232019291998,True,False
1493,580.0,506,993627,0.1,0.2008560634410334,4972.239424583,True,False
1494,840.0,567,994194,0.1,0.14311896723655748,4974.452939125,True,False
1495,1140.0,834,995028,0.1,0.16439509614589112,4977.744724124997,True,False
1496,700.0,534,995562,0.1,0.12740833354287578,4979.900875707997,True,False
1497,780.0,563,996125,0.1,0.16231230038700376,4982.163561624999,True,False
1498,1210.0,678,996803,0.1,0.13893251309512988,4984.829320249999,True,False
1499,960.0,594,997397,0.1,0.14021495964703143,4987.191240042001,True,False
1500,1200.0,954,998351,0.1,0.13745762882832468,4990.9457744579995,True,False
1501,1430.0,725,999076,0.1,0.1846371871818389,4995.418334499998,True,False
1502,1370.0,952,1000028,0.1,0.16938562672428725,4999.393199874998,True,False
1503,780.0,680,1000708,0.1,0.14789750921156478,5002.047361707999,True,False
1504,830.0,646,1001354,0.1,0.1519336092013935,5004.874473249998,True,False
1505,1210.0,730,1002084,0.1,0.13659135999331057,5008.448653042,True,False
1506,1110.0,834,1002918,0.1,0.1184461385351964,5011.682228374997,True,False
1507,470.0,467,1003385,0.1,0.1559781909116313,5013.530418167,True,False
1508,280.0,340,1003725,0.1,0.13589374409878954,5014.895147125,True,False
1509,540.0,498,1004223,0.1,0.12162807864707804,5016.929629167,True,False
1510,830.0,626,1004849,0.1,0.13367660730412811,5019.596633249999,True,False
1511,1700.0,830,1005679,0.1,0.1604924500528453,5023.055423708,True,False
1512,1120.0,688,1006367,0.1,0.17515273138794096,5025.948306667,True,False
1513,1510.0,858,1007225,0.1,0.15171649692536787,5029.579611166999,True,False
1514,1220.0,679,1007904,0.1,0.13870704308809603,5032.360843957998,True,False
1515,1150.0,690,1008594,0.1,0.16892595657385712,5035.1423867079975,True,False
1516,1370.0,581,1009175,0.1,0.1319573391999664,5037.497628957997,True,False
1517,1600.0,860,1010035,0.1,0.1509721514530653,5041.030964207999,True,False
1518,740.0,584,1010619,0.1,0.1301923981191565,5043.426907624998,True,False
1519,1630.0,764,1011383,0.1,0.17639772875809856,5046.505778291998,True,False
1520,1010.0,644,1012027,0.1,0.15273127903849443,5049.138388583,True,False
1521,1050.0,645,1012672,0.1,0.15458592955298997,5051.758675166999,True,False
1522,740.0,666,1013338,0.1,0.15982799571994916,5054.504964,True,False
1523,760.0,618,1013956,0.1,0.12124086562544108,5056.957077625,True,False
1524,1850.0,1049,1015005,0.1,0.151272859090214,5061.2589366249995,True,False
1525,420.0,440,1015445,0.1,0.19825699878009884,5063.060532749998,True,False
1526,1060.0,559,1016004,0.1,0.1276702713886542,5066.0100666670005,True,False
1527,1020.0,774,1016778,0.1,0.11405407168318571,5069.096597,True,False
1528,1170.0,912,1017690,0.1,0.162509027451865,5072.855848874999,True,False
1529,880.0,562,1018252,0.1,0.1432653952469217,5075.1634796670005,True,False
1530,1360.0,647,1018899,0.1,0.1375137399766386,5077.791890999997,True,False
1531,1470.0,733,1019632,0.1,0.1558721214937775,5080.827588832999,True,False
1532,1820.0,820,1020452,0.1,0.1503152601148297,5084.134449124998,True,False
1533,1140.0,805,1021257,0.1,0.15307396112834637,5087.375268249998,True,False
1534,590.0,534,1021791,0.1,0.13388699361760364,5089.532608957998,True,False
1535,520.0,451,1022242,0.1,0.16255919935297122,5091.363487667,True,False
1536,1410.0,1012,1023254,0.1,0.13323890664449087,5095.421156124998,True,False
1537,1050.0,623,1023877,0.1,0.15674557391172037,5097.936983707998,True,False
1538,1060.0,722,1024599,0.1,0.18587889538870916,5100.826730582998,True,False
1539,1100.0,660,1025259,0.1,0.13686757385730744,5103.461140042,True,False
1540,1220.0,744,1026003,0.1,0.14970887667669724,5106.456326249998,True,False
1541,1300.0,701,1026704,0.1,0.13645705128808253,5109.294039749999,True,False
1542,920.0,704,1027408,0.1,0.14964296032716942,5112.072056499997,True,False
1543,1500.0,786,1028194,0.1,0.12447707674333028,5115.190634791998,True,False
1544,730.0,609,1028803,0.1,0.1520678684066393,5117.589972207999,True,False
1545,2280.0,641,1029444,0.1,0.15449278616572018,5120.365033999999,True,False
1546,1400.0,864,1030308,0.1,0.15363182885468835,5123.987798832997,True,False
1547,1820.0,855,1031163,0.1,0.165839444697253,5127.303128624997,True,False
1548,1420.0,766,1031929,0.1,0.1516746999695897,5130.421885,True,False
1549,1260.0,837,1032766,0.1,0.15132646721622875,5133.759384541998,True,False
1550,530.0,471,1033237,0.1,0.1428728754774241,5135.653653874997,True,False
1551,860.0,717,1033954,0.1,0.14088893085510037,5139.7364595,True,False
1552,680.0,572,1034526,0.1,0.13098991371795432,5141.972539332997,True,False
1553,1350.0,964,1035490,0.1,0.15411058326417976,5145.697828332999,True,False
1554,1070.0,862,1036352,0.1,0.1420134049495337,5149.138139667,True,False
1555,560.0,468,1036820,0.1,0.18351053378075108,5151.021543583,True,False
1556,1130.0,740,1037560,0.1,0.2110813551959959,5153.920178541997,True,False
1557,1560.0,838,1038398,0.1,0.18196618157710756,5157.161808041998,True,False
1558,1290.0,835,1039233,0.1,0.13851306162346777,5160.4843038750005,True,False
1559,970.0,579,1039812,0.1,0.14111769271307978,5162.821245874999,True,False
1560,1070.0,666,1040478,0.1,0.12923459618924613,5165.446812708,True,False
1561,520.0,522,1041000,0.1,0.1701830800565827,5167.502875832997,True,False
1562,1260.0,824,1041824,0.1,0.1633155906789945,5170.7278808329975,True,False
1563,770.0,592,1042416,0.1,0.11474038203674797,5173.1525579169975,True,False
1564,750.0,566,1042982,0.1,0.14448370529563292,5175.385798416999,True,False
1565,1640.0,861,1043843,0.1,0.14263353814739127,5178.726731291998,True,False
1566,1090.0,760,1044603,0.1,0.1398875813441057,5181.722557624998,True,False
1567,680.0,621,1045224,0.1,0.16096642728035265,5184.206602708,True,False
1568,1200.0,779,1046003,0.1,0.14321299831469342,5187.257126666998,True,False
1569,1540.0,897,1046900,0.1,0.14532485768198966,5190.842061125,True,False
1570,740.0,649,1047549,0.1,0.1577832262940061,5193.405955124999,True,False
1571,580.0,574,1048123,0.1,0.120262073248729,5195.676328916998,True,False
1572,880.0,885,1049008,0.1,0.15301682754746965,5199.1250511670005,True,False
1573,1060.0,814,1049822,0.1,0.15356178881756485,5202.330686499998,True,False
1574,810.0,677,1050499,0.1,0.12409679076948463,5205.038302082998,True,False
1575,1030.0,770,1051269,0.1,0.1463638482702211,5208.043190082997,True,False
1576,1080.0,787,1052056,0.1,0.14234230525526903,5212.107033374999,True,False
1577,2370.0,982,1053038,0.1,0.13222135357862833,5215.885299666999,True,False
1578,1290.0,699,1053737,0.1,0.16063785915928228,5218.631309207998,True,False
1579,850.0,712,1054449,0.1,0.13406035272676622,5221.4897662919975,True,False
1580,1170.0,882,1055331,0.1,0.146874405215071,5224.944681624998,True,False
1581,2610.0,900,1056231,0.1,0.12165798403322697,5228.444477166999,True,False
1582,870.0,729,1056960,0.1,0.15188735485321186,5231.287478999999,True,False
1583,910.0,668,1057628,0.1,0.1460376582749768,5233.942425792,True,False
1584,1270.0,892,1058520,0.1,0.14150616245954026,5237.484684916999,True,False
1585,1160.0,768,1059288,0.1,0.1529731936073707,5240.493767249998,True,False
1586,930.0,622,1059910,0.1,0.14638709336999925,5242.9331918749995,True,False
1587,810.0,607,1060517,0.1,0.1408293404689941,5245.336713041997,True,False
1588,2300.0,680,1061197,0.1,0.17773275511229739,5248.065437916997,True,False
1589,1840.0,1248,1062445,0.1,0.14164903796970463,5253.016764291999,True,False
1590,1120.0,618,1063063,0.1,0.12069123665282092,5255.425672292,True,False
1591,720.0,661,1063724,0.1,0.14397872793656516,5258.027211958,True,False
1592,1200.0,703,1064427,0.1,0.12819536713617188,5260.858556874999,True,False
1593,1340.0,763,1065190,0.1,0.1543154007028691,5263.964687958,True,False
1594,1220.0,681,1065871,0.1,0.14089228800114464,5266.648985749998,True,False
1595,1310.0,737,1066608,0.1,0.13046347261280627,5269.555810541999,True,False
1596,1050.0,595,1067203,0.1,0.12540698624090166,5271.941720625,True,False
1597,890.0,723,1067926,0.1,0.16288215720521812,5274.8049260419975,True,False
1598,1620.0,994,1068920,0.1,0.14676807220112606,5278.712246125,True,False
1599,1720.0,1102,1070022,0.1,0.1421863633326509,5283.039919041999,True,False
1600,700.0,658,1070680,0.1,0.11286301773154374,5285.633209166997,True,False
1601,1200.0,1137,1071817,0.1,0.1351038945943747,5291.142084707997,True,False
1602,930.0,791,1072608,0.1,0.140130945923503,5294.185211666998,True,False
1603,1050.0,720,1073328,0.1,0.15430380620269313,5297.031074582999,True,False
1604,1120.0,654,1073982,0.1,0.11484765814491577,5299.658147041999,True,False
1605,1470.0,743,1074725,0.1,0.11604277492170373,5302.624863292,True,False
1606,670.0,596,1075321,0.1,0.15219462195398822,5304.973356749997,True,False
1607,1290.0,614,1075935,0.1,0.1567567029079191,5307.4534824580005,True,False
1608,1310.0,858,1076793,0.1,0.12922091605358346,5311.288276083,True,False
1609,920.0,799,1077592,0.1,0.1429925233218819,5314.441600124999,True,False
1610,1260.0,813,1078405,0.1,0.14292530018120564,5317.601475457999,True,False
1611,2310.0,701,1079106,0.1,0.14559396639466285,5320.382137249999,True,False
1612,1500.0,789,1079895,0.1,0.13217459446017815,5323.546424791999,True,False
1613,840.0,733,1080628,0.1,0.13584513842816587,5326.425683207999,True,False
1614,1150.0,741,1081369,0.1,0.11899085856370024,5329.323003916998,True,False
1615,1860.0,995,1082364,0.1,0.10710385879389493,5333.267288707997,True,False
1616,2210.0,1037,1083401,0.1,0.14451170066896551,5337.336685999999,True,False
1617,1170.0,816,1084217,0.1,0.118646764963427,5340.549568791997,True,False
1618,720.0,604,1084821,0.1,0.14032770969615077,5342.935657667,True,False
1619,1400.0,762,1085583,0.1,0.14282812396750638,5345.935649416999,True,False
1620,1740.0,962,1086545,0.1,0.13748708881314117,5349.734239207999,True,False
1621,1820.0,891,1087436,0.1,0.15136284690199947,5353.260532,True,False
1622,830.0,744,1088180,0.1,0.12418625229388795,5356.288038041999,True,False
1623,1100.0,827,1089007,0.1,0.11910028686945878,5359.897932917,True,False
1624,550.0,476,1089483,0.1,0.08991617269563575,5361.896032499997,True,False
1625,1060.0,682,1090165,0.1,0.155831447143478,5364.574070541999,True,False
1626,790.0,597,1090762,0.1,0.1312523745625411,5367.822487707999,True,False
1627,820.0,608,1091370,0.1,0.13596383577800894,5370.163338541999,True,False
1628,530.0,516,1091886,0.1,0.1487936915093383,5372.1525755,True,False
1629,850.0,689,1092575,0.1,0.13998495875099717,5375.078862874998,True,False
1630,750.0,633,1093208,0.1,0.15504299111242564,5377.870742707997,True,False
1631,1190.0,541,1093749,0.1,0.14494005890080222,5380.010490291999,True,False
1632,460.0,432,1094181,0.1,0.11744458873376802,5381.692741416999,True,False
1633,1260.0,897,1095078,0.1,0.11587590829003602,5385.152400916999,True,False
1634,370.0,427,1095505,0.1,0.13565583413936824,5386.869555416997,True,False
1635,1230.0,734,1096239,0.1,0.14257236274946583,5389.828913207999,True,False
1636,620.0,540,1096779,0.1,0.16912785400119093,5392.159266708,True,False
1637,1040.0,629,1097408,0.1,0.13273250965896663,5394.7408039580005,True,False
1638,1540.0,674,1098082,0.1,0.12430323361020003,5397.388699832998,True,False
1639,1030.0,730,1098812,0.1,0.15114438053363008,5400.227595541997,True,False
1640,1710.0,689,1099501,0.1,0.13929123573308422,5402.915046667,True,False
1641,1610.0,876,1100377,0.1,0.10859654162538378,5406.379683499999,True,False
1642,630.0,613,1100990,0.1,0.14251747606870005,5408.815829125,True,False
1643,1430.0,687,1101677,0.1,0.12246456413074981,5411.471684958,True,False
1644,580.0,449,1102126,0.1,0.14844407126240963,5413.252995832998,True,False
1645,1380.0,743,1102869,0.1,0.12472041119490901,5416.232220667,True,False
1646,460.0,506,1103375,0.1,0.13644464951126822,5418.256339332998,True,False
1647,1030.0,658,1104033,0.1,0.1331712832956603,5420.830246707999,True,False
1648,590.0,591,1104624,0.1,0.11515069274684868,5423.13066925,True,False
1649,660.0,553,1105177,0.1,0.14799414726271146,5425.310827416997,True,False
1650,1180.0,595,1105772,0.1,0.12036046603282026,5427.690103082998,True,False
1651,780.0,760,1106532,0.1,0.14297364532555404,5431.542383874999,True,False
1652,1520.0,953,1107485,0.1,0.15368399903679095,5435.191327291999,True,False
1653,860.0,761,1108246,0.1,0.13853905855825072,5438.294537374997,True,False
1654,1130.0,876,1109122,0.1,0.12339569406252202,5442.240474291997,True,False
1655,500.0,607,1109729,0.1,0.12752243329917914,5445.026238957998,True,False
1656,1140.0,622,1110351,0.1,0.16220837609181482,5447.9000649169975,True,False
1657,1450.0,741,1111092,0.1,0.1289413481730447,5450.824011707999,True,False
1658,860.0,940,1112032,0.1,0.13337865075532426,5454.499998874999,True,False
1659,1500.0,699,1112731,0.1,0.15389505874408388,5457.301371999998,True,False
1660,560.0,579,1113310,0.1,0.11390202805913728,5459.722746916999,True,False
1661,1580.0,941,1114251,0.1,0.12326213282315021,5463.573141249999,True,False
1662,3530.0,1159,1115410,0.1,0.1465262525490132,5468.272922541997,True,False
1663,920.0,746,1116156,0.1,0.11862747511642183,5471.215533791998,True,False
1664,1080.0,769,1116925,0.1,0.12275567687659834,5474.295490624998,True,False
1665,520.0,556,1117481,0.1,0.1570671220048726,5476.576976249999,True,False
1666,1140.0,806,1118287,0.1,0.14873424344765607,5479.850775916999,True,False
1667,1830.0,1121,1119408,0.1,0.1458065006152803,5484.331623292001,True,False
1668,590.0,661,1120069,0.1,0.18485334058376876,5486.982216375,True,False
1669,1180.0,899,1120968,0.1,0.15742120111154184,5490.608199374998,True,False
1670,950.0,752,1121720,0.1,0.16256266032801348,5493.648699416997,True,False
1671,520.0,525,1122245,0.1,0.13328173439523192,5495.751578416999,True,False
1672,720.0,722,1122967,0.1,0.11623677926965886,5498.630314708,True,False
1673,1740.0,1054,1124021,0.1,0.13007846868342973,5502.906839791998,True,False
1674,1110.0,728,1124749,0.1,0.14611483964004687,5505.855219416997,True,False
1675,430.0,519,1125268,0.1,0.1465895983748711,5507.972213292,True,False
1676,1830.0,869,1126137,0.1,0.1501897185663199,5512.548354541999,True,False
1677,1150.0,691,1126828,0.1,0.18908734008066916,5515.248497166998,True,False
1678,410.0,503,1127331,0.1,0.12717170006036757,5517.270819375,True,False
1679,1690.0,1030,1128361,0.1,0.1630785760448076,5521.403176749998,True,False
1680,1080.0,719,1129080,0.1,0.15438737311503953,5524.328488166997,True,False
1681,710.0,594,1129674,0.1,0.13605030278700428,5526.656296499998,True,False
1682,580.0,503,1130177,0.1,0.1431937717374355,5528.622969958,True,False
1683,1620.0,837,1131014,0.1,0.1515065787903715,5531.916262041999,True,False
1684,1220.0,686,1131700,0.1,0.1421250417438704,5534.676069707999,True,False
1685,1010.0,612,1132312,0.1,0.14201282658705525,5537.082660166998,True,False
1686,1270.0,782,1133094,0.1,0.1261335294502668,5540.128529082998,True,False
1687,1020.0,698,1133792,0.1,0.11521974489092827,5542.905483082999,True,False
1688,1350.0,906,1134698,0.1,0.131767202053318,5546.473611833,True,False
1689,910.0,642,1135340,0.1,0.13644440039437009,5549.044483333,True,False
1690,890.0,583,1135923,0.1,0.12956783969340654,5551.33661975,True,False
1691,1300.0,789,1136712,0.1,0.1269074919530087,5554.409032916999,True,False
1692,1610.0,789,1137501,0.1,0.1434027758819349,5557.52070325,True,False
1693,1770.0,836,1138337,0.1,0.13782261266555798,5560.829532083,True,False
1694,1670.0,951,1139288,0.1,0.15313133418935687,5564.6268385,True,False
1695,740.0,507,1139795,0.1,0.16896267965554246,5566.628463875,True,False
1696,1870.0,848,1140643,0.1,0.1577939386567417,5569.920092624998,True,False
1697,1340.0,847,1141490,0.1,0.14566063666540496,5573.275884874998,True,False
1698,840.0,666,1142156,0.1,0.15682054991404454,5575.949964916999,True,False
1699,1710.0,768,1142924,0.1,0.1704222555757345,5578.956210582997,True,False
1700,1140.0,887,1143811,0.1,0.15027276579105206,5582.3866572080005,True,False
1701,2050.0,1072,1144883,0.1,0.1554161819504268,5587.853927124997,True,False
1702,1240.0,754,1145637,0.1,0.14958591284181075,5590.746548707997,True,False
1703,780.0,629,1146266,0.1,0.1278728548389901,5593.20482875,True,False
1704,1250.0,957,1147223,0.1,0.1454567830136755,5597.343378957998,True,False
1705,840.0,763,1147986,0.1,0.15302818423595416,5600.341236832999,True,False
1706,1360.0,732,1148718,0.1,0.13820888421656005,5603.128494832999,True,False
1707,2320.0,804,1149522,0.1,0.14847722486476994,5606.224278374997,True,False
1708,1460.0,978,1150500,0.1,0.14702054063732528,5610.1156882079995,True,False
1709,1250.0,820,1151320,0.1,0.13649729204977432,5613.309500166997,True,False
1710,300.0,391,1151711,0.1,0.1153282826555144,5614.826547499997,True,False
1711,1240.0,754,1152465,0.1,0.1434233197006126,5617.73747475,True,False
1712,540.0,565,1153030,0.1,0.1482705051700274,5619.956077374998,True,False
1713,810.0,578,1153608,0.1,0.13530898475698355,5622.240852667001,True,False
1714,1560.0,651,1154259,0.1,0.13001077713007914,5624.793810957999,True,False
1715,1090.0,780,1155039,0.1,0.1296707844027342,5627.8135529579995,True,False
1716,1270.0,1042,1156081,0.1,0.13110823134295785,5631.888611332997,True,False
1717,570.0,442,1156523,0.1,0.12077419075437568,5633.643586082999,True,False
1718,1920.0,961,1157484,0.1,0.1481438403585887,5637.362010124998,True,False
1719,1780.0,827,1158311,0.1,0.1365103369614887,5640.550549542,True,False
1720,1180.0,714,1159025,0.1,0.12437385062598649,5643.386706624999,True,False
1721,1920.0,849,1159874,0.1,0.14891342323203133,5646.682358708,True,False
1722,4150.0,693,1160567,0.1,0.13217554239265492,5649.344401999999,True,False
1723,720.0,662,1161229,0.1,0.14166152369545168,5651.914053291999,True,False
1724,1000.0,910,1162139,0.1,0.15791195071413128,5655.455409167,True,False
1725,610.0,622,1162761,0.1,0.12090268273813984,5658.032816167,True,False
1726,910.0,573,1163334,0.1,0.15696128478625437,5661.446540499997,True,False
1727,1030.0,801,1164135,0.1,0.11883453101851046,5664.508113291999,True,False
1728,900.0,977,1165112,0.1,0.13047797581827153,5668.287435582999,True,False
1729,1450.0,634,1165746,0.1,0.11607131337204689,5670.804798292,True,False
1730,1030.0,685,1166431,0.1,0.1433275625414667,5673.502770125,True,False
1731,940.0,742,1167173,0.1,0.13665045772789305,5676.383952458,True,False
1732,1210.0,762,1167935,0.1,0.136931957510349,5679.3256253750005,True,False
1733,1800.0,882,1168817,0.1,0.15631981770512204,5682.774529124999,True,False
1734,2200.0,664,1169481,0.1,0.12342880521508226,5685.381410208,True,False
1735,1430.0,786,1170267,0.1,0.1304787159042091,5688.431024666999,True,False
1736,890.0,644,1170911,0.1,0.1283981547407482,5690.923462916999,True,False
1737,3980.0,763,1171674,0.1,0.11977806333354943,5693.899327625,True,False
1738,1020.0,661,1172335,0.1,0.1681612731155121,5696.475423291999,True,False
1739,1130.0,659,1172994,0.1,0.1361071482413646,5699.023708499997,True,False
1740,890.0,662,1173656,0.1,0.141693228541548,5701.614367332997,True,False
1741,1550.0,1169,1174825,0.1,0.14618454983917206,5706.220412791998,True,False
1742,1020.0,736,1175561,0.1,0.1021574322518933,5709.106497332999,True,False
1743,750.0,542,1176103,0.1,0.17503438219428064,5711.229752499999,True,False
1744,1070.0,750,1176853,0.1,0.16474332793199636,5714.157826916999,True,False
1745,2230.0,1020,1177873,0.1,0.13452595725801644,5718.174342541999,True,False
1746,1410.0,667,1178540,0.1,0.12260070283657419,5720.822460416999,True,False
1747,1130.0,618,1179158,0.1,0.13879508354592246,5723.2303960419995,True,False
1748,1320.0,696,1179854,0.1,0.11480829079003854,5725.950523083,True,False
1749,1310.0,804,1180658,0.1,0.12704626013946474,5729.242038291999,True,False
1750,800.0,529,1181187,0.1,0.10922087579401153,5731.400623082998,True,False
1751,1530.0,960,1182147,0.1,0.11831289557740092,5736.562687041998,True,False
1752,1120.0,693,1182840,0.1,0.12917809268652364,5739.663708832999,True,False
1753,1240.0,924,1183764,0.1,0.11343397199301235,5744.242357749998,True,False
1754,1320.0,681,1184445,0.1,0.14191754378159258,5747.540719291999,True,False
1755,1060.0,708,1185153,0.1,0.14721947067580318,5750.937548999998,True,False
1756,710.0,524,1185677,0.1,0.12904605275119535,5753.188183374998,True,False
1757,1110.0,647,1186324,0.1,0.13344451632166718,5756.134631249999,True,False
1758,1090.0,815,1187139,0.1,0.13384767478616366,5759.607055666998,True,False
1759,1010.0,798,1187937,0.1,0.10686308941803872,5763.123236291998,True,False
1760,990.0,737,1188674,0.1,0.14616991365935816,5766.379156249997,True,False
1761,1140.0,634,1189308,0.1,0.11541718088746446,5769.104601791998,True,False
1762,1430.0,1077,1190385,0.1,0.10857777706032348,5773.859453416997,True,False
1763,1060.0,1088,1191473,0.1,0.10381991870235652,5778.526786791997,True,False
1764,1070.0,640,1192113,0.1,0.17892369682667777,5781.294610666999,True,False
1765,1530.0,875,1192988,0.1,0.12327186703749987,5785.118568916998,True,False
1766,1500.0,774,1193762,0.1,0.10724723821148817,5788.619981042,True,False
1767,770.0,713,1194475,0.1,0.11602247786823283,5791.877919999999,True,False
1768,1240.0,1072,1195547,0.1,0.12114236615737205,5796.646563957998,True,False
1769,850.0,570,1196117,0.1,0.14679611161663816,5799.112091666997,True,False
1770,380.0,596,1196713,0.1,0.12891680474749348,5801.643601042,True,False
1771,1040.0,700,1197413,0.1,0.1290387162566185,5804.418491291999,True,False
1772,1240.0,775,1198188,0.1,0.12770297770993305,5807.483500791997,True,False
1773,810.0,606,1198794,0.1,0.15865297193657482,5809.921891624999,True,False
1774,1190.0,679,1199473,0.1,0.12707371396176956,5812.636731208,True,False
1775,1120.0,858,1200331,0.1,0.1028280979474989,5816.019076917,True,False
1776,1470.0,820,1201151,0.1,0.1412270730679355,5820.239802958,True,False
1777,840.0,729,1201880,0.1,0.12633947340028534,5823.077406999997,True,False
1778,1170.0,754,1202634,0.1,0.14770937819985,5826.072798916997,True,False
1779,830.0,579,1203213,0.1,0.16317880148517674,5828.4494055,True,False
1780,780.0,767,1203980,0.1,0.10803599334515941,5831.577167166997,True,False
1781,1320.0,645,1204625,0.1,0.10234815471151971,5834.139513167,True,False
1782,900.0,796,1205421,0.1,0.11066104935940786,5837.465459125,True,False
1783,1020.0,641,1206062,0.1,0.10262609847122803,5840.017809499997,True,False
1784,1450.0,924,1206986,0.1,0.1018664680372972,5843.609879042,True,False
1785,1090.0,612,1207598,0.1,0.13401365780508986,5846.023827207999,True,False
1786,820.0,548,1208146,0.1,0.12107443430182273,5848.227292249998,True,False
1787,1310.0,909,1209055,0.1,0.13507809803414975,5851.977475832999,True,False
1788,640.0,815,1209870,0.1,0.14579355290305673,5855.487376749999,True,False
1789,570.0,526,1210396,0.1,0.13867275100765805,5857.592749916999,True,False
1790,1100.0,626,1211022,0.1,0.11456705478187172,5860.071976291998,True,False
1791,980.0,818,1211840,0.1,0.12816069482303247,5863.490107916998,True,False
1792,1110.0,797,1212637,0.1,0.11124740128204151,5866.96285,True,False
1793,980.0,711,1213348,0.1,0.1406055533986413,5869.783743291999,True,False
1794,2770.0,968,1214316,0.1,0.12374496133613193,5873.590483,True,False
1795,900.0,642,1214958,0.1,0.11947822635993362,5876.200527624998,True,False
1796,1390.0,539,1215497,0.1,0.11866618071993192,5878.72130275,True,False
1797,2360.0,891,1216388,0.1,0.12376839259113165,5882.757905332997,True,False
1798,710.0,644,1217032,0.1,0.10232370885910455,5885.538421957997,True,False
1799,1190.0,882,1217914,0.1,0.11849838438528505,5889.246808249998,True,False
1800,1520.0,1039,1218953,0.1,0.12975341396836135,5893.656978291998,True,False
1801,830.0,765,1219718,0.1,0.1440227243230137,5897.879346833,True,False
1802,790.0,552,1220270,0.1,0.09789050722737676,5900.222773957998,True,False
1803,1440.0,934,1221204,0.1,0.11902072181941098,5904.343749083,True,False
1804,390.0,381,1221585,0.1,0.1445054334049162,5906.009553666998,True,False
1805,1360.0,1055,1222640,0.1,0.1367793914890199,5910.5935697919995,True,False
1806,1160.0,612,1223252,0.1,0.16524088455765856,5913.321986167,True,False
1807,1460.0,872,1224124,0.1,0.10551627930424629,5917.135052916998,True,False
1808,1150.0,858,1224982,0.1,0.12042196359589835,5920.723468917,True,False
1809,720.0,755,1225737,0.1,0.11474602692144573,5924.049820832999,True,False
1810,1100.0,755,1226492,0.1,0.12130001738233856,5927.236874832997,True,False
1811,370.0,517,1227009,0.1,0.0925488687849553,5929.412104332998,True,False
1812,430.0,582,1227591,0.1,0.13404084739500077,5931.972317707998,True,False
1813,1820.0,1210,1228801,0.1,0.10841147762664867,5937.001675624997,True,False
1814,1320.0,796,1229597,0.1,0.1322525539739647,5940.289268249999,True,False
1815,1170.0,1219,1230816,0.1,0.12946289859589982,5945.423436416997,True,False
1816,920.0,786,1231602,0.1,0.15095652297747378,5948.671584917,True,False
1817,890.0,781,1232383,0.1,0.11143442701834899,5951.970823791999,True,False
1818,1500.0,760,1233143,0.1,0.10666969698902808,5955.1077650419975,True,False
1819,1720.0,882,1234025,0.1,0.10907437630436,5958.854723,True,False
1820,980.0,948,1234973,0.1,0.10789013734944007,5962.837932541999,True,False
1821,1150.0,722,1235695,0.1,0.12394733505530489,5965.961980166998,True,False
1822,2130.0,710,1236405,0.1,0.13147190045774654,5968.981885875,True,False
1823,1630.0,969,1237374,0.1,0.11075823393858168,5973.072795707998,True,False
1824,1260.0,740,1238114,0.1,0.13154058081878198,5976.223338042,True,False
1825,1100.0,749,1238863,0.1,0.10225958761604712,5979.364200124997,True,False
1826,1100.0,718,1239581,0.1,0.11055986506657468,5983.166430499998,True,False
1827,690.0,705,1240286,0.1,0.16519979973831636,5986.159778833,True,False
1828,1490.0,801,1241087,0.1,0.10197212830185891,5989.601435041997,True,False
1829,2500.0,859,1241946,0.1,0.10740940232089785,5993.109924666998,True,False
1830,1600.0,661,1242607,0.1,0.10656571082319274,5995.862972125,True,False
1831,930.0,634,1243241,0.1,0.1297621176806542,5998.561046916999,True,False
1832,1160.0,679,1243920,0.1,0.11737615923013757,6001.434879582997,True,False
1833,460.0,431,1244351,0.1,0.09465227600744117,6003.270063207998,True,False
1834,870.0,789,1245140,0.1,0.10353627077520194,6006.554746499998,True,False
1835,1590.0,901,1246041,0.1,0.08468361280030674,6010.327260832997,True,False
1836,1170.0,745,1246786,0.1,0.0975366658881627,6013.425456124998,True,False
1837,850.0,648,1247434,0.1,0.15726539609884774,6016.170348457999,True,False
1838,1070.0,714,1248148,0.1,0.11818423722584487,6019.142167667,True,False
1839,890.0,805,1248953,0.1,0.11173014625425066,6022.532388166997,True,False
1840,560.0,637,1249590,0.1,0.11132499180827876,6025.201345624999,True,False
1841,430.0,458,1250048,0.1,0.14598726685280386,6027.101356416999,True,False
1842,1120.0,744,1250792,0.1,0.13034842951443568,6030.228517249998,True,False
1843,1640.0,742,1251534,0.1,0.16891214283736977,6033.355470457998,True,False
1844,1340.0,923,1252457,0.1,0.12475431579854582,6037.191434041997,True,False
1845,1160.0,906,1253363,0.1,0.15516544726009654,6041.054669792,True,False
1846,900.0,706,1254069,0.1,0.10814932281267171,6044.0239528329985,True,False
1847,1130.0,656,1254725,0.1,0.11460968032592862,6046.750619167,True,False
1848,810.0,645,1255370,0.1,0.11541338277668316,6049.4642496669985,True,False
1849,820.0,510,1255880,0.1,0.09097418417513836,6051.586281249998,True,False
1850,1170.0,789,1256669,0.1,0.1625628993009704,6054.877617874998,True,False
1851,1060.0,755,1257424,0.1,0.12322093786859008,6058.9879215,True,False
1852,1010.0,653,1258077,0.1,0.13384251877025594,6061.713238707998,True,False
1853,1100.0,760,1258837,0.1,0.11777911750893844,6064.982058792,True,False
1854,510.0,493,1259330,0.1,0.12133811995750521,6067.032342041999,True,False
1855,1490.0,1284,1260614,0.1,0.14821529702930436,6072.360324416997,True,False
1856,660.0,633,1261247,0.1,0.16797688425388896,6075.057415583,True,False
1857,1400.0,641,1261888,0.1,0.11580849213305838,6077.7573905829995,True,False
1858,780.0,814,1262702,0.1,0.14025069625470146,6081.125264291997,True,False
1859,2290.0,687,1263389,0.1,0.1250040188734961,6083.888659041997,True,False
1860,960.0,652,1264041,0.1,0.10858146516046276,6086.436621582998,True,False
1861,2150.0,1055,1265096,0.1,0.11355934138268683,6090.481216791999,True,False
1862,1660.0,726,1265822,0.1,0.10294316846939082,6093.360698124998,True,False
1863,840.0,747,1266569,0.1,0.12423331945895512,6096.329250625,True,False
1864,1040.0,806,1267375,0.1,0.11915076437837152,6099.438243624998,True,False
1865,1080.0,1000,1268375,0.1,0.11922489361464977,6103.331253875,True,False
1866,1180.0,656,1269031,0.1,0.10838679022087556,6105.914495375,True,False
1867,1760.0,746,1269777,0.1,0.15605669252494758,6108.825366541998,True,False
1868,1800.0,842,1270619,0.1,0.11844287639749902,6112.161402874997,True,False
1869,1010.0,874,1271493,0.1,0.10904590746379333,6115.611456916999,True,False
1870,2680.0,940,1272433,0.1,0.12043926130108376,6119.271110207999,True,False
1871,1190.0,902,1273335,0.1,0.11675305602451165,6122.791347499999,True,False
1872,790.0,588,1273923,0.1,0.1028170423062683,6125.120095124999,True,False
1873,1680.0,872,1274795,0.1,0.1280816025399697,6128.5716167499995,True,False
1874,2370.0,750,1275545,0.1,0.11230833339009513,6131.528305124997,True,False
1875,960.0,515,1276060,0.1,0.12912340726443503,6133.561684875,True,False
1876,1140.0,693,1276753,0.1,0.11510886198092747,6137.216272499998,True,False
1877,1350.0,1003,1277756,0.1,0.09433553526660361,6141.083780292,True,False
1878,1140.0,845,1278601,0.1,0.10556950733524646,6144.4046171249975,True,False
1879,1180.0,705,1279306,0.1,0.11968737379224463,6147.213237583001,True,False
1880,1590.0,659,1279965,0.1,0.152526107994896,6149.797030292,True,False
1881,960.0,707,1280672,0.1,0.11182677609014646,6152.543910332999,True,False
1882,1030.0,841,1281513,0.1,0.1467142071486229,6155.821925666998,True,False
1883,1380.0,730,1282243,0.1,0.13651364624172777,6158.7024495000005,True,False
1884,1120.0,875,1283118,0.1,0.12667297958885426,6162.223315957999,True,False
1885,1060.0,658,1283776,0.1,0.11135184537958015,6164.885610166999,True,False
1886,1180.0,974,1284750,0.1,0.11600969803094129,6168.718719666998,True,False
1887,2420.0,831,1285581,0.1,0.10036895263832636,6171.966466874997,True,False
1888,1120.0,755,1286336,0.1,0.14922660577391822,6174.941240791999,True,False
1889,1210.0,755,1287091,0.1,0.10637740269699629,6177.895562207999,True,False
1890,980.0,595,1287686,0.1,0.14265926737313303,6180.255752416997,True,False
1891,860.0,587,1288273,0.1,0.101051813244921,6182.624655166997,True,False
1892,1410.0,1160,1289433,0.1,0.12885845815441732,6187.127614124998,True,False
1893,1190.0,642,1290075,0.1,0.12360288405325263,6189.656067832999,True,False
1894,990.0,848,1290923,0.1,0.1556484201694575,6193.014077707998,True,False
1895,1200.0,968,1291891,0.1,0.12996147436759442,6196.823970707999,True,False
1896,1120.0,698,1292589,0.1,0.12326799592801503,6199.566967499999,True,False
1897,1810.0,1090,1293679,0.1,0.1255577419857111,6203.864712208,True,False
1898,990.0,782,1294461,0.1,0.12944051606238496,6207.016799499997,True,False
1899,1230.0,892,1295353,0.1,0.12575732979238569,6210.572550916997,True,False
1900,1130.0,739,1296092,0.1,0.11704586697994052,6213.466996374998,True,False
1901,1280.0,955,1297047,0.1,0.10728763734937466,6218.193647332999,True,False
1902,1470.0,611,1297658,0.1,0.1399228473626126,6220.555587208,True,False
1903,1310.0,917,1298575,0.1,0.1229383298175564,6224.124219249999,True,False
1904,1270.0,674,1299249,0.1,0.11807136377595233,6226.8204415,True,False
1905,940.0,744,1299993,0.1,0.11563140888928726,6229.7353664170005,True,False
1906,1490.0,673,1300666,0.1,0.10628861714420575,6232.324837749999,True,False
1907,1310.0,976,1301642,0.1,0.12700100571344622,6236.115171666999,True,False
1908,960.0,716,1302358,0.1,0.11899460109169256,6238.93673275,True,False
1909,1990.0,865,1303223,0.1,0.1259703520875148,6242.3032592499985,True,False
1910,840.0,681,1303904,0.1,0.12296757979961166,6244.916792958,True,False
1911,870.0,712,1304616,0.1,0.10054529150633999,6247.654359958,True,False
1912,1070.0,778,1305394,0.1,0.11806615296098374,6250.6923975419995,True,False
1913,290.0,327,1305721,0.1,0.12181288705820717,6251.982297874998,True,False
1914,1200.0,711,1306432,0.1,0.13958988365916053,6254.742517708,True,False
1915,980.0,1007,1307439,0.1,0.09773805332314446,6258.597582332997,True,False
1916,1420.0,861,1308300,0.1,0.11516391117712138,6261.951291999998,True,False
1917,1300.0,930,1309230,0.1,0.14779440611038872,6265.524419292,True,False
1918,1180.0,871,1310101,0.1,0.1373556298545536,6268.880869582998,True,False
1919,970.0,636,1310737,0.1,0.1373197052674661,6271.374115791998,True,False
1920,2350.0,676,1311413,0.1,0.14314733367391239,6273.986540374997,True,False
1921,720.0,512,1311925,0.1,0.14062429321347736,6275.975674875001,True,False
1922,560.0,694,1312619,0.1,0.13120842288985762,6278.654122207998,True,False
1923,850.0,750,1313369,0.1,0.11889630168716007,6281.578631791999,True,False
1924,680.0,588,1313957,0.1,0.10657639849652238,6283.860136832998,True,False
1925,550.0,446,1314403,0.1,0.11861847701843257,6285.587640166999,True,False
1926,1030.0,715,1315118,0.1,0.11902627380117357,6289.724525792,True,False
1927,1240.0,655,1315773,0.1,0.09127193879018106,6292.3725295,True,False
1928,1270.0,821,1316594,0.1,0.1246725904232845,6295.532955625,True,False
1929,1010.0,634,1317228,0.1,0.10854495499493941,6297.959338999997,True,False
1930,860.0,657,1317885,0.1,0.11748339131292773,6300.516143249999,True,False
1931,1260.0,644,1318529,0.1,0.10400338342517429,6303.059194457997,True,False
1932,1880.0,1018,1319547,0.1,0.1335291416039617,6307.051044291999,True,False
1933,1200.0,801,1320348,0.1,0.14202487987665394,6310.245774457999,True,False
1934,860.0,617,1320965,0.1,0.10988460785963318,6312.651911166999,True,False
1935,900.0,600,1321565,0.1,0.1142698884382844,6314.982215874999,True,False
1936,1650.0,745,1322310,0.1,0.1156383009467234,6317.866930458,True,False
1937,1690.0,766,1323076,0.1,0.12943108487525024,6320.863763957997,True,False
1938,1160.0,780,1323856,0.1,0.12925179615043678,6323.916407166998,True,False
1939,1650.0,811,1324667,0.1,0.1198491238998157,6327.057913875,True,False
1940,380.0,430,1325097,0.1,0.1293130905056993,6328.839374499999,True,False
1941,1250.0,896,1325993,0.1,0.1335108953062445,6332.448599707997,True,False
1942,1550.0,827,1326820,0.1,0.10728851617606366,6335.6972492079985,True,False
1943,1650.0,644,1327464,0.1,0.10015271882879438,6338.279336291998,True,False
1944,1040.0,836,1328300,0.1,0.1416750668623801,6341.6188246249985,True,False
1945,2430.0,830,1329130,0.1,0.13392813398462275,6344.808705083,True,False
1946,980.0,713,1329843,0.1,0.1045503324902292,6347.541934707999,True,False
1947,880.0,562,1330405,0.1,0.13412888844807944,6349.760053624999,True,False
1948,330.0,371,1330776,0.1,0.12034508417690953,6351.253058541999,True,False
1949,1150.0,808,1331584,0.1,0.13975489489955478,6354.406891832998,True,False
1950,1000.0,783,1332367,0.1,0.14685016778799204,6357.446368666999,True,False
1951,1120.0,630,1332997,0.1,0.11878350843923001,6360.898771958,True,False
1952,1460.0,953,1333950,0.1,0.14571581024113073,6364.554921666997,True,False
1953,1390.0,863,1334813,0.1,0.10495229684575288,6367.905129999999,True,False
1954,1400.0,611,1335424,0.1,0.10955025646470341,6370.323783917,True,False
1955,1510.0,845,1336269,0.1,0.14816008302519953,6374.006253957999,True,False
1956,1790.0,751,1337020,0.1,0.13455782613736836,6377.102572791999,True,False
1957,1220.0,627,1337647,0.1,0.1351337983774451,6379.726447541998,True,False
1958,760.0,728,1338375,0.1,0.09651646748758279,6382.779994,True,False
1959,1000.0,629,1339004,0.1,0.12981962247551243,6385.428354707998,True,False
1960,1540.0,806,1339810,0.1,0.1118307001796083,6388.771756416998,True,False
1961,680.0,520,1340330,0.1,0.11217881611620005,6390.9399994999985,True,False
1962,1200.0,716,1341046,0.1,0.12078514937623586,6393.9159094999995,True,False
1963,1040.0,786,1341832,0.1,0.14273326229398625,6397.220599666998,True,False
1964,810.0,748,1342580,0.1,0.12348834662772915,6400.282497041997,True,False
1965,1580.0,891,1343471,0.1,0.12305047832899266,6403.987883708,True,False
1966,1120.0,630,1344101,0.1,0.10119967919456054,6406.607502416999,True,False
1967,1050.0,690,1344791,0.1,0.12510588109969747,6409.492211624998,True,False
1968,1760.0,1170,1345961,0.1,0.1281658547132597,6414.351945999999,True,False
1969,1220.0,705,1346666,0.1,0.11119786722966554,6417.299009750001,True,False
1970,1180.0,659,1347325,0.1,0.13633662167597901,6420.029461916998,True,False
1971,880.0,594,1347919,0.1,0.1409156578341247,6422.489640042,True,False
1972,2000.0,1157,1349076,0.1,0.13339740362917554,6427.344656792,True,False
1973,2170.0,982,1350058,0.1,0.12597923795787655,6431.421746374999,True,False
1974,970.0,668,1350726,0.1,0.10588854035462983,6434.221577749999,True,False
1975,990.0,676,1351402,0.1,0.10972811176976156,6436.957756207998,True,False
1976,820.0,708,1352110,0.1,0.115767559752205,6440.860743999998,True,False
1977,900.0,576,1352686,0.1,0.11606969022088581,6443.103345291998,True,False
1978,1280.0,673,1353359,0.1,0.12771984218575416,6445.6980932080005,True,False
1979,820.0,607,1353966,0.1,0.12468499494226355,6448.05225225,True,False
1980,1280.0,760,1354726,0.1,0.12886915969613352,6451.001507499997,True,False
1981,920.0,867,1355593,0.1,0.14418884271901736,6454.358840957997,True,False
1982,1230.0,868,1356461,0.1,0.13250432457895048,6457.790905667,True,False
1983,400.0,498,1356959,0.1,0.11453582505665479,6459.7816873329975,True,False
1984,1780.0,786,1357745,0.1,0.12702324328386239,6463.002097291999,True,False
1985,780.0,551,1358296,0.1,0.12986709312468336,6465.333563417,True,False
1986,830.0,642,1358938,0.1,0.1337477415567264,6467.902689291997,True,False
1987,1730.0,806,1359744,0.1,0.10521850923979932,6471.030828999999,True,False
1988,1270.0,741,1360485,0.1,0.11133636583548945,6473.921338958,True,False
1989,1060.0,708,1361193,0.1,0.11192173164569388,6476.713300457999,True,False
1990,1110.0,710,1361903,0.1,0.10899434931113222,6479.481983833,True,False
1991,1110.0,789,1362692,0.1,0.10597930537216892,6482.745638041997,True,False
1992,1220.0,687,1363379,0.1,0.15524528931543144,6485.740835375,True,False
1993,630.0,484,1363863,0.1,0.1042494220382049,6487.661620708001,True,False
1994,1970.0,881,1364744,0.1,0.14115175513795059,6491.066546292001,True,False
1995,1270.0,837,1365581,0.1,0.11722848477938244,6494.2897593749985,True,False
1996,1740.0,1235,1366816,0.1,0.11184484808793153,6499.170498249998,True,False
1997,1980.0,952,1367768,0.1,0.12004489919655964,6502.904431416999,True,False
1998,1240.0,846,1368614,0.1,0.14636079435594274,6506.170237082999,True,False
1999,740.0,641,1369255,0.1,0.15190694661578164,6508.674998125,True,False
2000,770.0,577,1369832,0.1,0.10196945622306446,6510.996213749997,True,False
